time,FLOW,TEMP,SALT,NIT_amm,NIT_nit,PHS_frp,OGM_doc,OGM_docr,OGM_poc,OGM_don,OGM_dop,OGM_pop,PHS_frp_ads,OGM_pon,OXY_oxy
2016-06-20,0.012246968,24.8,0,1.10864745,3.870967742,0.075812297,68.69275604,206.0782681,27.47710241,4.535714286,0.0610268,0.473428904,0.075812297,35.84181338,243.6244597
2016-06-21,0.012976948,24.32666667,0,1.10864745,3.824884793,0.076714825,68.91578447,206.7473534,27.56631379,4.375,0.059781355,0.461317373,0.076714825,34.44146776,245.7858147
2016-06-22,0.013234583,23.85333333,0,1.10864745,3.778801843,0.077617352,69.13881289,207.4164387,27.65552516,4.214285714,0.05853591,0.449205841,0.077617352,33.04112214,247.9807717
2016-06-23,0.032099993,23.38,0,1.10864745,3.732718894,0.078519879,69.36184132,208.085524,27.74473653,4.053571429,0.057290465,0.43709431,0.078519879,31.64077651,250.2101996
2016-06-24,0.035872208,23.76,0,1.10864745,3.686635945,0.079422407,69.58486975,208.7546093,27.8339479,3.892857143,0.056045021,0.424982778,0.079422407,30.24043089,248.417621
2016-06-25,0.016276818,24.14,0,1.10864745,3.640552995,0.080324934,69.80789818,209.4236945,27.92315927,3.732142857,0.054799576,0.412871247,0.080324934,28.84008527,246.647371
2016-06-26,0.012246968,24.52,0,1.10864745,3.594470046,0.081227461,70.03092661,210.0927798,28.01237064,3.571428571,0.053554131,0.400759715,0.081227461,27.43973965,244.8989968
2016-06-27,0.015428688,23.37,0,1.10864745,3.548387097,0.082129989,70.25395504,210.7618651,28.10158201,3.410714286,0.052308686,0.388648184,0.082129989,26.03939402,250.2576785
2016-06-28,0.015459628,22.87,0,1.191004118,3.615207373,0.081588472,70.12013798,210.3604139,28.04805519,3.982142857,0.04223442,0.298521311,0.081588472,31.03307422,252.6519334
2016-06-29,0.012278468,23.485,0,1.273360786,3.68202765,0.081046956,69.98632092,209.9589628,27.99452837,3.723214286,0.039134646,0.271164862,0.081046956,28.55354014,249.712623
2016-06-30,0.012247478,24.1,0,1.355717453,3.748847926,0.080505439,69.85250387,209.5575116,27.94100155,3.464285714,0.036034872,0.243808413,0.080505439,26.07400605,246.8326752
2016-07-01,0.012246968,23.864,0,1.438074121,3.815668203,0.079963923,69.71868681,209.1560604,27.88747472,3.410714286,0.036693574,0.250278247,0.079963923,25.44268625,247.9309315
2016-07-02,0.018532208,23.628,0,1.520430789,3.882488479,0.079422407,69.58486975,208.7546093,27.8339479,3.357142857,0.037352276,0.256748081,0.079422407,24.81136645,249.0377519
2016-07-03,0.019450548,23.392,0,1.602787456,3.949308756,0.07888089,69.45105269,208.3531581,27.78042108,3.303571429,0.038010978,0.263217915,0.07888089,24.18004664,250.1532458
2016-07-04,0.022434728,23.156,0,1.685144124,4.016129032,0.078339374,69.31723564,207.9517069,27.72689425,3.25,0.03866968,0.269687749,0.078339374,23.54872684,251.2775246
2016-07-05,0.022776428,22.92,0,1.767500792,4.082949309,0.077797857,69.18341858,207.5502557,27.67336743,3.196428571,0.039328382,0.276157583,0.077797857,22.91740704,252.4107007
2016-07-06,0.013558348,23.785,0,1.84985746,4.149769585,0.077256341,69.04960152,207.1488046,27.61984061,3.092261905,0.038198256,0.266527966,0.077256341,21.8307301,248.300476
2016-07-07,0.013061608,24.65,0,1.932214127,4.216589862,0.076714825,68.91578447,206.7473534,27.56631379,2.988095238,0.03706813,0.25689835,0.076714825,20.74405315,244.305811
2016-07-08,0.015809148,24.7225,0,2.014570795,4.283410138,0.076173308,68.78196741,206.3459022,27.51278696,2.883928571,0.035938005,0.247268733,0.076173308,19.65737621,243.9760788
2016-07-09,0.015066078,24.795,0,2.096927463,4.350230415,0.075631792,68.64815035,205.9444511,27.45926014,2.779761905,0.034807879,0.237639116,0.075631792,18.57069927,243.6471182
2016-07-10,0.012267168,24.8675,0,2.179284131,4.417050691,0.075090275,68.51433329,205.5429999,27.40573332,2.675595238,0.033677753,0.228009499,0.075090275,17.48402232,243.3189263
2016-07-11,0.012246968,24.94,0,2.261640798,4.483870968,0.074548759,68.38051624,205.1415487,27.35220649,2.571428571,0.032547627,0.218379882,0.074548759,16.39734538,242.9915
2016-07-12,0.018432928,25.23,0,2.343997466,4.550691244,0.074007242,68.24669918,204.7400975,27.29867967,3.431122449,0.034817104,0.239346695,0.074007242,23.98541333,241.6893912
2016-07-13,0.018765108,25.52,0,2.426354134,4.617511521,0.073465726,68.11288212,204.3386464,27.24515285,4.290816327,0.037086581,0.260313507,0.073465726,31.57348128,240.3992953
2016-07-14,0.012896368,25.81,0,2.508710801,4.684331797,0.07292421,67.97906506,203.9371952,27.19162603,5.150510204,0.039356059,0.28128032,0.07292421,39.16154924,239.1210257
2016-07-15,0.012569968,26.0675,0,2.591067469,4.751152074,0.072382693,67.84524801,203.535744,27.1380992,6.010204082,0.041625536,0.302247133,0.072382693,46.74961719,237.9957747
2016-07-16,0.012313468,26.325,0,2.673424137,4.81797235,0.071841177,67.71143095,203.1342929,27.08457238,6.869897959,0.043895014,0.323213946,0.071841177,54.33768515,236.8795762
2016-07-17,0.012307668,26.5825,0,2.755780805,4.884792627,0.07129966,67.57761389,202.7328417,27.03104556,7.729591837,0.046164491,0.344180758,0.07129966,61.9257531,235.7723053
2016-07-18,0.012246968,26.84,0,2.838137472,4.951612903,0.070758144,67.44379684,202.3313905,26.97751873,8.589285714,0.048433968,0.365147571,0.070758144,69.51382105,234.6738387
2016-07-19,0.012246968,26.84666667,0,2.92049414,5.01843318,0.070216628,67.30997978,201.9299393,26.92399191,7.984693878,0.049319618,0.373659935,0.070216628,63.92331758,234.6455152
2016-07-20,0.012246968,26.85333333,0,3.002850808,5.085253456,0.069675111,67.17616272,201.5284882,26.87046509,7.380102041,0.050205268,0.382172299,0.069675111,58.3328141,234.6171976
2016-07-21,0.012246968,26.86,0,3.085207475,5.152073733,0.069133595,67.04234566,201.127037,26.81693827,6.775510204,0.051090917,0.390684662,0.069133595,52.74231063,234.5888858
2016-07-22,0.012390278,27.45666667,0,3.167564143,5.218894009,0.068592078,66.90852861,200.7255858,26.76341144,6.170918367,0.051976567,0.399197026,0.068592078,47.15180715,232.0782753
2016-07-23,0.012390278,28.05333333,0,3.249920811,5.285714286,0.068050562,66.77471155,200.3241346,26.70988462,5.566326531,0.052862217,0.40770939,0.068050562,41.56130368,229.612759
2016-07-24,0.012246968,28.65,0,3.332277479,5.352534562,0.067509046,66.64089449,199.9226835,26.6563578,4.961734694,0.053747867,0.416221754,0.067509046,35.9708002,227.1909056
2016-07-25,0.014536528,29.41,0,3.414634146,5.419354839,0.066967529,66.50707744,199.5212323,26.60283097,4.357142857,0.054633516,0.424734118,0.066967529,30.38029673,224.1671271
2016-07-26,0.015374968,29.18,0,3.496990814,5.486175115,0.066426013,66.37326038,199.1197811,26.54930415,4.290816327,0.053858573,0.418301143,0.066426013,29.63418101,225.0751471
2016-07-27,0.018507728,28.155,0,3.579347482,5.552995392,0.065884496,66.23944332,198.71833,26.49577733,4.224489796,0.053083629,0.411868168,0.065884496,28.88806529,229.1970496
2016-07-28,0.028594508,27.13,0,3.66170415,5.619815668,0.06534298,66.10562626,198.3168788,26.44225051,4.158163265,0.052308686,0.405435192,0.06534298,28.14194957,233.4471202
2016-07-29,0.023503348,27.1625,0,3.744060817,5.686635945,0.064801464,65.97180921,197.9154276,26.38872368,4.091836735,0.051533742,0.399002217,0.064801464,27.39583385,233.3103219
2016-07-30,0.014826463,27.195,0,3.826417485,5.753456221,0.064259947,65.83799215,197.5139764,26.33519686,4.025510204,0.050758799,0.392569242,0.064259947,26.64971813,233.1736594
2016-07-31,0.021357013,27.2275,0,3.908774153,5.820276498,0.063718431,65.70417509,197.1125253,26.28167004,3.959183673,0.049983855,0.386136267,0.063718431,25.90360241,233.0371327
2016-08-01,0.019774738,27.26,0,3.99113082,5.887096774,0.063176914,65.57035803,196.7110741,26.22814321,3.892857143,0.049208912,0.379703292,0.063176914,25.15748669,232.9007414
2016-08-02,0.018701528,26.97285714,0,3.911941717,6.048387097,0.064530705,66.23944332,198.71833,26.49577733,3.903061224,0.049513354,0.38108948,0.064530705,25.16722221,234.110488
2016-08-03,0.027094088,26.68571429,0,3.832752613,6.209677419,0.065884496,66.90852861,200.7255858,26.76341144,3.913265306,0.049817796,0.382475668,0.065884496,25.17695772,235.3309541
2016-08-04,0.027206288,26.39857143,0,3.75356351,6.370967742,0.067238287,67.57761389,202.7328417,27.03104556,3.923469388,0.050122238,0.383861856,0.067238287,25.18669324,236.5623075
2016-08-05,0.023982918,26.11142857,0,3.674374406,6.532258065,0.068592078,68.24669918,204.7400975,27.29867967,3.933673469,0.05042668,0.385248043,0.068592078,25.19642875,237.8047183
2016-08-06,0.018592898,25.82428571,0,3.595185303,6.693548387,0.069945869,68.91578447,206.7473534,27.56631379,3.943877551,0.050731122,0.386634231,0.069945869,25.20616427,239.0583591
2016-08-07,0.012757648,25.53714286,0,3.515996199,6.85483871,0.07129966,69.58486975,208.7546093,27.8339479,3.954081633,0.051035564,0.388020419,0.07129966,25.21589979,240.3234055
2016-08-08,0.014413958,25.25,0,3.436807095,7.016129032,0.072653451,70.25395504,210.7618651,28.10158201,3.964285714,0.051340006,0.389406607,0.072653451,25.2256353,241.6000355
2016-08-09,0.018042948,25.55,0,3.357617992,7.177419355,0.074007242,70.92304032,212.769121,28.36921613,3.977040816,0.050731122,0.382572858,0.074007242,25.25833,240.2665152
2016-08-10,0.017213858,25.85,0,3.278428888,7.338709677,0.075361034,71.59212561,214.7763768,28.63685024,3.989795918,0.050122238,0.375739109,0.075361034,25.2910247,238.9456304
2016-08-11,0.013584868,26.15,0,3.199239785,7.5,0.076714825,72.2612109,216.7836327,28.90448436,4.00255102,0.049513354,0.368905361,0.076714825,25.3237194,237.6371781
2016-08-12,0.012280368,26.445,0,3.120050681,7.661290323,0.078068616,72.93029618,218.7908885,29.17211847,4.015306122,0.04890447,0.362071612,0.078068616,25.3564141,236.3624632
2016-08-13,0.012574813,26.74,0,3.040861577,7.822580645,0.079422407,73.59938147,220.7981444,29.43975259,4.028061224,0.048295586,0.355237864,0.079422407,25.3891088,235.0993898
2016-08-14,0.013589288,27.035,0,2.961672474,7.983870968,0.080776198,74.26846675,222.8054003,29.7073867,4.040816327,0.047686701,0.348404115,0.080776198,25.4218035,233.8477739
2016-08-15,0.019903598,27.33,0,2.88248337,8.14516129,0.082129989,74.93755204,224.8126561,29.97502082,4.053571429,0.047077817,0.341570367,0.082129989,25.4544982,232.6074344
2016-08-16,0.019229888,27.13333333,0,2.78393693,8.060035842,0.081428023,74.67735221,224.0320566,29.87094088,3.921753247,0.045545543,0.328481861,0.081428023,24.45180645,233.4330834
2016-08-17,0.012972358,26.93666667,0,2.68539049,7.974910394,0.080726057,74.41715237,223.2514571,29.76686095,3.789935065,0.044013268,0.315393355,0.080726057,23.4491147,234.2637174
2016-08-18,0.012706138,26.74,0,2.58684405,7.889784946,0.080024091,74.15695254,222.4708576,29.66278102,3.658116883,0.042480993,0.302304849,0.080024091,22.44642295,235.0993898
2016-08-19,0.013730048,26.552,0,2.48829761,7.804659498,0.079322126,73.89675271,221.6902581,29.55870108,3.526298701,0.040948719,0.289216343,0.079322126,21.4437312,235.9029957
2016-08-20,0.015594438,26.364,0,2.38975117,7.71953405,0.07862016,73.63655287,220.9096586,29.45462115,3.394480519,0.039416444,0.276127837,0.07862016,20.44103945,236.7113024
2016-08-21,0.015417638,26.176,0,2.29120473,7.634408602,0.077918194,73.37635304,220.1290591,29.35054122,3.262662338,0.037884169,0.263039331,0.077918194,19.43834771,237.5243578
2016-08-22,0.013445298,25.988,0,2.19265829,7.549283154,0.077216229,73.11615321,219.3484596,29.24646128,3.130844156,0.036351895,0.249950825,0.077216229,18.43565596,238.3422104
2016-08-23,0.012246968,25.8,0,2.09411185,7.464157706,0.076514263,72.85595337,218.5678601,29.14238135,2.999025974,0.03481962,0.236862319,0.076514263,17.43296421,239.1649091
2016-08-24,0.012246968,26.96333333,0,1.99556541,7.379032258,0.075812297,72.59575354,217.7872606,29.03830142,2.867207792,0.033287346,0.223773813,0.075812297,16.43027246,234.150795
2016-08-25,0.012246968,28.12666667,0,1.89701897,7.29390681,0.075110331,72.33555371,217.0066611,28.93422148,2.73538961,0.031755071,0.210685307,0.075110331,15.42758071,229.3127761
2016-08-26,0.012246968,29.29,0,1.79847253,7.208781362,0.074408366,72.07535387,216.2260616,28.83014155,2.603571429,0.030222796,0.197596801,0.074408366,14.42488896,224.6401198
2016-08-27,0.012246968,28.68714286,0,1.69992609,7.123655914,0.0737064,71.81515404,215.4454621,28.72606162,2.912755102,0.035536694,0.24612385,0.0737064,17.39121391,227.0415557
2016-08-28,0.012246968,28.08428571,0,1.60137965,7.038530466,0.073004434,71.5549542,214.6648626,28.62198168,3.221938776,0.040850593,0.2946509,0.073004434,20.35753886,229.4860626
2016-08-29,0.012246968,27.48142857,0,1.50283321,6.953405018,0.072302469,71.29475437,213.8842631,28.51790175,3.531122449,0.046164491,0.34317795,0.072302469,23.32386381,231.9750685
2016-08-30,0.012246968,26.87857143,0,1.40428677,6.86827957,0.071600503,71.03455454,213.1036636,28.41382182,3.840306122,0.051478389,0.391705,0.071600503,26.29018876,234.5100479
2016-08-31,0.018247118,26.27571429,0,1.30574033,6.783154122,0.070898537,70.7743547,212.3230641,28.30974188,4.149489796,0.056792287,0.44023205,0.070898537,29.25651371,237.0925228
2016-09-01,0.021635728,25.67285714,0,1.20719389,6.698028674,0.070196571,70.51415487,211.5424646,28.20566195,4.458673469,0.062106186,0.4887591,0.070196571,32.22283866,239.7240653
2016-09-02,0.015666178,25.07,0,1.10864745,6.612903226,0.069494606,70.25395504,210.7618651,28.10158201,4.767857143,0.067420084,0.53728615,0.069494606,35.18916361,242.4062984
2016-09-03,0.012278568,25.2575,0,1.076971809,6.866359447,0.070397133,69.58486975,208.7546093,27.8339479,4.964285714,0.067890585,0.540618135,0.070397133,36.73524017,241.5665419
2016-09-04,0.012247988,25.445,0,1.045296167,7.119815668,0.07129966,68.91578447,206.7473534,27.56631379,5.160714286,0.068361087,0.54395012,0.07129966,38.28131674,240.7317996
2016-09-05,0.012246968,25.6325,0,1.013620526,7.373271889,0.072202188,68.24669918,204.7400975,27.29867967,5.357142857,0.068831588,0.547282106,0.072202188,39.8273933,239.9020209
2016-09-06,0.012246968,25.82,0,0.981944884,7.626728111,0.073104715,67.57761389,202.7328417,27.03104556,5.553571429,0.06930209,0.550614091,0.073104715,41.37346986,239.0771561
2016-09-07,0.012246968,25.88666667,0,0.950269243,7.880184332,0.074007242,66.90852861,200.7255858,26.76341144,5.75,0.069772591,0.553946076,0.074007242,42.91954643,238.7850456
2016-09-08,0.012246968,25.95333333,0,0.918593602,8.133640553,0.07490977,66.23944332,198.71833,26.49577733,5.946428571,0.070243092,0.557278062,0.07490977,44.46562299,238.4935478
2016-09-09,0.012246968,26.02,0,0.88691796,8.387096774,0.075812297,65.57035803,196.7110741,26.22814321,6.142857143,0.070713594,0.560610047,0.075812297,46.01169955,238.2026606
2016-09-10,0.012246968,25.77285714,0,0.927232413,7.741935484,0.075812297,68.55082885,205.6524866,27.42033154,6.050324675,0.07150615,0.56774305,0.075812297,45.78375418,239.284091
2016-09-11,0.012246968,25.52571429,0,0.967546866,7.096774194,0.075812297,71.53129967,214.593899,28.61251987,5.957792208,0.072298705,0.574876052,0.075812297,45.55580881,240.3739941
2016-09-12,0.012246968,25.27857143,0,1.007861318,6.451612903,0.075812297,74.51177049,223.5353115,29.8047082,5.86525974,0.073091261,0.582009055,0.075812297,45.32786344,241.4724836
2016-09-13,0.012246968,25.03142857,0,1.048175771,5.806451613,0.075812297,77.49224131,232.4767239,30.99689653,5.772727273,0.073883817,0.589142057,0.075812297,45.09991807,242.5796748
2016-09-14,0.012246968,24.78428571,0,1.088490224,5.161290323,0.075812297,80.47271213,241.4181364,32.18908485,5.680194805,0.074676373,0.59627506,0.075812297,44.8719727,243.6956846
2016-09-15,0.012272168,24.53714286,0,1.128804676,4.516129032,0.075812297,83.45318295,250.3595489,33.38127318,5.587662338,0.075468929,0.603408063,0.075812297,44.64402733,244.8206313
2016-09-16,0.012272168,24.29,0,1.169119129,3.870967742,0.075812297,86.43365377,259.3009613,34.57346151,5.49512987,0.076261485,0.610541065,0.075812297,44.41608196,245.9546349
2016-09-17,0.012246968,24.34,0,1.209433582,3.225806452,0.075812297,89.41412459,268.2423738,35.76564984,5.402597403,0.077054041,0.617674068,0.075812297,44.18813659,245.7244756
2016-09-18,0.012262768,24.169,0,1.249748035,2.580645161,0.075812297,92.39459541,277.1837862,36.95783817,5.310064935,0.077846596,0.624807071,0.075812297,43.96019122,246.5131771
2016-09-19,0.017123758,23.998,0,1.290062487,1.935483871,0.075812297,95.37506623,286.1251987,38.15002649,5.217532468,0.078639152,0.631940073,0.075812297,43.73224585,247.3063015
2016-09-20,0.017149343,23.827,0,1.33037694,1.290322581,0.075812297,98.35553705,295.0666112,39.34221482,5.125,0.079431708,0.639073076,0.075812297,43.50430048,248.1038896
2016-09-21,0.012325468,23.656,0,1.352549889,1.298387097,0.075180528,103.5074938,310.5224813,41.4029975,5.146428571,0.077300613,0.620524993,0.075180528,43.66692016,248.9059828
2016-09-22,0.012284068,23.485,0,1.374722838,1.306451613,0.074548759,108.6594505,325.9783514,43.46378018,5.167857143,0.075169519,0.601976911,0.074548759,43.82953983,249.712623
2016-09-23,0.012246968,23.314,0,1.396895787,1.314516129,0.07391699,113.8114072,341.4342215,45.52456286,5.189285714,0.073038424,0.583428829,0.07391699,43.99215951,250.5238521
2016-09-24,0.012246968,23.143,0,1.419068736,1.322580645,0.073285221,118.9633639,356.8900916,47.58534555,5.210714286,0.07090733,0.564880746,0.073285221,44.15477919,251.3397128
2016-09-25,0.012246968,22.972,0,1.441241685,1.330645161,0.072653451,124.1153206,372.3459617,49.64612823,5.232142857,0.068776235,0.546332664,0.072653451,44.31739887,252.1602478
2016-09-26,0.018397228,22.801,0,1.463414634,1.338709677,0.072021682,129.2672773,387.8018318,51.70691091,5.253571429,0.06664514,0.527784582,0.072021682,44.48001855,252.9855007
2016-09-27,0.023204828,22.63,0,1.485587583,1.346774194,0.071389913,134.419234,403.2577019,53.76769359,5.275,0.064514046,0.509236499,0.071389913,44.64263822,253.815515
2016-09-28,0.029457428,22.11333333,0,1.507760532,1.35483871,0.070758144,139.5711907,418.713572,55.82847627,5.296428571,0.062382951,0.490688417,0.070758144,44.8052579,256.3527333
2016-09-29,0.034146538,21.59666667,0,1.529933481,1.362903226,0.070126375,144.7231474,434.1694421,57.88925895,5.317857143,0.060251857,0.472140335,0.070126375,44.96787758,258.9350646
2016-09-30,0.033686263,21.08,0,1.55210643,1.370967742,0.069494606,149.8751041,449.6253122,59.95004163,5.339285714,0.058120762,0.453592253,0.069494606,45.13049726,261.5637838
2016-10-01,0.024189553,21.046,0,1.457079506,1.255760369,0.067689551,147.1987629,441.5962888,58.87950517,5.160714286,0.058646617,0.460129998,0.067689551,43.7335887,261.7384287
2016-10-02,0.012246968,21.012,0,1.362052582,1.140552995,0.065884496,144.5224218,433.5672654,57.80896872,4.982142857,0.059172471,0.466667743,0.065884496,42.33668014,261.9132805
2016-10-03,0.012246968,20.978,0,1.267025657,1.025345622,0.064079442,141.8460806,425.5382419,56.73843226,4.803571429,0.059698326,0.473205488,0.064079442,40.93977158,262.0883396
2016-10-04,0.012246968,20.944,0,1.171998733,0.910138249,0.062274387,139.1697395,417.5092185,55.6678958,4.625,0.06022418,0.479743234,0.062274387,39.54286302,262.2636064
2016-10-05,0.012246968,20.91,0,1.076971809,0.794930876,0.060469332,136.4933984,409.4801951,54.59735934,4.446428571,0.060750035,0.486280979,0.060469332,38.14595446,262.4390813
2016-10-06,0.012260568,19.69,0,0.981944884,0.679723502,0.058664278,133.8170572,401.4511716,53.52682289,4.267857143,0.061275889,0.492818724,0.058664278,36.7490459,268.8764587
2016-10-07,0.036171578,19.94,0,0.88691796,0.564516129,0.056859223,131.1407161,393.4221482,52.45628643,4.089285714,0.061801744,0.49935647,0.056859223,35.35213734,267.5345793
2016-10-08,0.058196778,19.2225,0,0.918593602,0.64516129,0.052346586,127.7952896,383.3858689,51.11811586,3.971428571,0.058812676,0.476967497,0.052346586,34.17910225,271.4182017
2016-10-09,0.034979793,18.505,0,0.950269243,0.725806452,0.047833949,124.4498632,373.3495896,49.77994528,3.853571429,0.055823608,0.454578523,0.047833949,33.00606716,275.4035199
2016-10-10,0.012940993,17.7875,0,0.981944884,0.806451613,0.043321313,121.1044368,363.3133103,48.44177471,3.735714286,0.05283454,0.43218955,0.043321313,31.83303207,279.4945532
2016-10-11,0.012246968,17.07,0,1.013620526,0.887096774,0.038808676,117.7590103,353.277031,47.10360414,3.617857143,0.049845473,0.409800577,0.038808676,30.65999699,283.6954823
2016-10-12,0.012246968,16.85666667,0,1.045296167,0.967741935,0.034296039,114.4135839,343.2407518,45.76543357,3.5,0.046856405,0.387411604,0.034296039,29.4869619,284.966372
2016-10-13,0.012246968,16.64333333,0,1.076971809,1.048387097,0.029783402,111.0681575,333.2044725,44.427263,3.382142857,0.043867337,0.365022631,0.029783402,28.31392681,286.2474776
2016-10-14,0.012246968,16.43,0,1.10864745,1.129032258,0.025270766,107.7227311,323.1681932,43.08909242,3.264285714,0.040878269,0.342633658,0.025270766,27.14089172,287.5389176
2016-10-15,0.012246968,16.41095238,0,1.117697633,1.157011192,0.025528631,107.7227311,323.1681932,43.08909242,3.259985423,0.040728025,0.341023596,0.025528631,27.06515998,287.6547313
2016-10-16,0.012246968,16.39190476,0,1.126747817,1.184990125,0.025786496,107.7227311,323.1681932,43.08909242,3.255685131,0.040577781,0.339413533,0.025786496,26.98942824,287.7706285
2016-10-17,0.012246968,16.37285714,0,1.135798,1.212969059,0.026044361,107.7227311,323.1681932,43.08909242,3.25138484,0.040427537,0.337803471,0.026044361,26.9136965,287.8866092
2016-10-18,0.012246968,16.35380952,0,1.144848183,1.240947992,0.026302226,107.7227311,323.1681932,43.08909242,3.247084548,0.040277293,0.336193409,0.026302226,26.83796476,288.0026735
2016-10-19,0.012246968,16.3347619,0,1.153898366,1.268926926,0.026560091,107.7227311,323.1681932,43.08909242,3.242784257,0.040127049,0.334583347,0.026560091,26.76223302,288.1188215
2016-10-20,0.012246968,16.31571429,0,1.16294855,1.296905859,0.026817955,107.7227311,323.1681932,43.08909242,3.238483965,0.039976804,0.332973284,0.026817955,26.68650128,288.2350532
2016-10-21,0.013302158,16.29666667,0,1.171998733,1.324884793,0.02707582,107.7227311,323.1681932,43.08909242,3.234183673,0.03982656,0.331363222,0.02707582,26.61076954,288.3513688
2016-10-22,0.013302158,16.27761905,0,1.181048916,1.352863726,0.027333685,107.7227311,323.1681932,43.08909242,3.229883382,0.039676316,0.32975316,0.027333685,26.53503779,288.4677684
2016-10-23,0.012246968,16.25857143,0,1.1900991,1.38084266,0.02759155,107.7227311,323.1681932,43.08909242,3.22558309,0.039526072,0.328143097,0.02759155,26.45930605,288.584252
2016-10-24,0.012246968,16.23952381,0,1.199149283,1.408821593,0.027849415,107.7227311,323.1681932,43.08909242,3.221282799,0.039375828,0.326533035,0.027849415,26.38357431,288.7008197
2016-10-25,0.012246968,16.22047619,0,1.208199466,1.436800527,0.02810728,107.7227311,323.1681932,43.08909242,3.216982507,0.039225584,0.324922973,0.02810728,26.30784257,288.8174716
2016-10-26,0.012246968,16.20142857,0,1.217249649,1.46477946,0.028365145,107.7227311,323.1681932,43.08909242,3.212682216,0.03907534,0.323312911,0.028365145,26.23211083,288.9342078
2016-10-27,0.012246968,16.18238095,0,1.226299833,1.492758394,0.02862301,107.7227311,323.1681932,43.08909242,3.208381924,0.038925095,0.321702848,0.02862301,26.15637909,289.0510284
2016-10-28,0.012246968,16.16333333,0,1.235350016,1.520737327,0.028880875,107.7227311,323.1681932,43.08909242,3.204081633,0.038774851,0.320092786,0.028880875,26.08064735,289.1679334
2016-10-29,0.012246968,16.14428571,0,1.244400199,1.548716261,0.02913874,107.7227311,323.1681932,43.08909242,3.199781341,0.038624607,0.318482724,0.02913874,26.00491561,289.284923
2016-10-30,0.012246968,16.1252381,0,1.253450382,1.576695194,0.029396605,107.7227311,323.1681932,43.08909242,3.19548105,0.038474363,0.316872661,0.029396605,25.92918387,289.4019973
2016-10-31,0.012246968,16.10619048,0,1.262500566,1.604674128,0.02965447,107.7227311,323.1681932,43.08909242,3.191180758,0.038324119,0.315262599,0.02965447,25.85345213,289.5191562
2016-11-01,0.012246968,16.08714286,0,1.271550749,1.632653061,0.029912335,107.7227311,323.1681932,43.08909242,3.186880466,0.038173875,0.313652537,0.029912335,25.77772039,289.6364
2016-11-02,0.012246968,16.06809524,0,1.280600932,1.660631995,0.0301702,107.7227311,323.1681932,43.08909242,3.182580175,0.038023631,0.312042475,0.0301702,25.70198865,289.7537287
2016-11-03,0.012246968,16.04904762,0,1.289651115,1.688610928,0.030428065,107.7227311,323.1681932,43.08909242,3.178279883,0.037873386,0.310432412,0.030428065,25.62625691,289.8711424
2016-11-04,0.012514548,16.03,0,1.298701299,1.716589862,0.03068593,107.7227311,323.1681932,43.08909242,3.173979592,0.037723142,0.30882235,0.03068593,25.55052517,289.9886412
2016-11-05,0.012514548,15.64285714,0,1.307751482,1.744568795,0.030943795,107.7227311,323.1681932,43.08909242,3.1696793,0.037572898,0.307212288,0.030943795,25.47479343,292.3953839
2016-11-06,0.012246968,15.25571429,0,1.316801665,1.772547729,0.03120166,107.7227311,323.1681932,43.08909242,3.165379009,0.037422654,0.305602226,0.03120166,25.39906168,294.8380568
2016-11-07,0.012246968,14.86857143,0,1.325851848,1.800526662,0.031459525,107.7227311,323.1681932,43.08909242,3.161078717,0.03727241,0.303992163,0.031459525,25.32332994,297.3174218
2016-11-08,0.012246968,14.48142857,0,1.334902032,1.828505596,0.03171739,107.7227311,323.1681932,43.08909242,3.156778426,0.037122166,0.302382101,0.03171739,25.2475982,299.8342575
2016-11-09,0.012429718,14.09428571,0,1.343952215,1.856484529,0.031975255,107.7227311,323.1681932,43.08909242,3.152478134,0.036971921,0.300772039,0.031975255,25.17186646,302.3893595
2016-11-10,0.012429718,13.70714286,0,1.353002398,1.884463463,0.03223312,107.7227311,323.1681932,43.08909242,3.148177843,0.036821677,0.299161976,0.03223312,25.09613472,304.9835405
2016-11-11,0.012246968,13.32,0,1.362052582,1.912442396,0.032490985,107.7227311,323.1681932,43.08909242,3.143877551,0.036671433,0.297551914,0.032490985,25.02040298,307.6176311
2016-11-12,0.012246968,13.10271429,0,1.371102765,1.94042133,0.032748849,107.7227311,323.1681932,43.08909242,3.139577259,0.036521189,0.295941852,0.032748849,24.94467124,309.1138288
2016-11-13,0.012246968,12.88542857,0,1.380152948,1.968400263,0.033006714,107.7227311,323.1681932,43.08909242,3.135276968,0.036370945,0.29433179,0.033006714,24.8689395,310.623018
2016-11-14,0.012246968,12.66814286,0,1.389203131,1.996379197,0.033264579,107.7227311,323.1681932,43.08909242,3.130976676,0.036220701,0.292721727,0.033264579,24.79320776,312.1453529
2016-11-15,0.012246968,12.45085714,0,1.398253315,2.02435813,0.033522444,107.7227311,323.1681932,43.08909242,3.126676385,0.036070457,0.291111665,0.033522444,24.71747602,313.68099
2016-11-16,0.012246968,12.23357143,0,1.407303498,2.052337064,0.033780309,107.7227311,323.1681932,43.08909242,3.122376093,0.035920212,0.289501603,0.033780309,24.64174428,315.2300875
2016-11-17,0.012246968,12.01628571,0,1.416353681,2.080315997,0.034038174,107.7227311,323.1681932,43.08909242,3.118075802,0.035769968,0.28789154,0.034038174,24.56601254,316.7928056
2016-11-18,0.012246968,11.799,0,1.425403864,2.108294931,0.034296039,107.7227311,323.1681932,43.08909242,3.11377551,0.035619724,0.286281478,0.034296039,24.4902808,318.3693063
2016-11-19,0.012337368,11.58171429,0,1.434454048,2.136273864,0.034553904,107.7227311,323.1681932,43.08909242,3.109475219,0.03546948,0.284671416,0.034553904,24.41454906,319.9597539
2016-11-20,0.012337368,11.36442857,0,1.443504231,2.164252798,0.034811769,107.7227311,323.1681932,43.08909242,3.105174927,0.035319236,0.283061354,0.034811769,24.33881732,321.5643144
2016-11-21,0.012246968,11.14714286,0,1.452554414,2.192231731,0.035069634,107.7227311,323.1681932,43.08909242,3.100874636,0.035168992,0.281451291,0.035069634,24.26308557,323.1831561
2016-11-22,0.012246968,10.92985714,0,1.461604597,2.220210665,0.035327499,107.7227311,323.1681932,43.08909242,3.096574344,0.035018748,0.279841229,0.035327499,24.18735383,324.816449
2016-11-23,0.012246968,10.71257143,0,1.470654781,2.248189598,0.035585364,107.7227311,323.1681932,43.08909242,3.092274052,0.034868503,0.278231167,0.035585364,24.11162209,326.4643657
2016-11-24,0.012246968,10.49528571,0,1.479704964,2.276168532,0.035843229,107.7227311,323.1681932,43.08909242,3.087973761,0.034718259,0.276621105,0.035843229,24.03589035,328.1270804
2016-11-25,0.012246968,10.278,0,1.488755147,2.304147465,0.036101094,107.7227311,323.1681932,43.08909242,3.083673469,0.034568015,0.275011042,0.036101094,23.96015861,329.8047697
2016-11-26,0.012246968,10.06071429,0,1.497805331,2.332126399,0.036358959,107.7227311,323.1681932,43.08909242,3.079373178,0.034417771,0.27340098,0.036358959,23.88442687,331.4976124
2016-11-27,0.012246968,9.843428571,0,1.506855514,2.360105332,0.036616824,107.7227311,323.1681932,43.08909242,3.075072886,0.034267527,0.271790918,0.036616824,23.80869513,333.2057894
2016-11-28,0.012246968,9.626142857,0,1.515905697,2.388084266,0.036874689,107.7227311,323.1681932,43.08909242,3.070772595,0.034117283,0.270180855,0.036874689,23.73296339,334.9294839
2016-11-29,0.018346398,9.408857143,0,1.52495588,2.416063199,0.037132554,107.7227311,323.1681932,43.08909242,3.066472303,0.033967039,0.268570793,0.037132554,23.65723165,336.6688812
2016-11-30,0.025200883,9.191571429,0,1.534006064,2.444042133,0.037390419,107.7227311,323.1681932,43.08909242,3.062172012,0.033816794,0.266960731,0.037390419,23.58149991,338.424169
2016-12-01,0.019101453,8.974285714,0,1.543056247,2.472021066,0.037648284,107.7227311,323.1681932,43.08909242,3.05787172,0.03366655,0.265350669,0.037648284,23.50576817,340.1955373
2016-12-02,0.012246968,8.757,0,1.55210643,2.5,0.037906149,107.7227311,323.1681932,43.08909242,3.053571429,0.033516306,0.263740606,0.037906149,23.43003643,341.9831784
2016-12-03,0.012246968,8.74809,0,1.545387355,2.503665689,0.038289039,106.871168,320.6135039,42.74846719,3.03517316,0.033395955,0.262274556,0.038289039,23.2675054,342.0568324
2016-12-04,0.014464788,8.73918,0,1.538668279,2.507331378,0.038671929,106.0196049,318.0588146,42.40784195,3.016774892,0.033275604,0.260808506,0.038671929,23.10497437,342.1305141
2016-12-05,0.015380408,8.73027,0,1.531949204,2.510997067,0.03905482,105.1680418,315.5041254,42.06721671,2.998376623,0.033155253,0.259342456,0.03905482,22.94244334,342.2042235
2016-12-06,0.028436748,8.72136,0,1.525230128,2.514662757,0.03943771,104.3164787,312.9494361,41.72659148,2.979978355,0.033034902,0.257876406,0.03943771,22.77991231,342.2779607
2016-12-07,0.027521128,8.71245,0,1.518511053,2.518328446,0.039820601,103.4649156,310.3947468,41.38596624,2.961580087,0.032914551,0.256410356,0.039820601,22.61738128,342.3517256
2016-12-08,0.012246968,8.70354,0,1.511791977,2.521994135,0.040203491,102.6133525,307.8400575,41.045341,2.943181818,0.0327942,0.254944306,0.040203491,22.45485025,342.4255182
2016-12-09,0.012246968,8.69463,0,1.505072902,2.525659824,0.040586381,101.7617894,305.2853683,40.70471577,2.92478355,0.032673849,0.253478256,0.040586381,22.29231922,342.4993387
2016-12-10,0.012246968,8.68572,0,1.498353827,2.529325513,0.040969272,100.9102263,302.730679,40.36409053,2.906385281,0.032553498,0.252012206,0.040969272,22.12978819,342.5731869
2016-12-11,0.012246968,8.67681,0,1.491634751,2.532991202,0.041352162,100.0586632,300.1759897,40.02346529,2.887987013,0.032433146,0.250546156,0.041352162,21.96725716,342.6470629
2016-12-12,0.013614703,8.6679,0,1.484915676,2.536656891,0.041735052,99.20710014,297.6213004,39.68284006,2.869588745,0.032312795,0.249080106,0.041735052,21.80472613,342.7209667
2016-12-13,0.013769233,8.65899,0,1.4781966,2.540322581,0.042117943,98.35553705,295.0666112,39.34221482,2.851190476,0.032192444,0.247614056,0.042117943,21.6421951,342.7948983
2016-12-14,0.012401498,8.65008,0,1.471477525,2.54398827,0.042500833,97.50397396,292.5119219,39.00158958,2.832792208,0.032072093,0.246148006,0.042500833,21.47966408,342.8688578
2016-12-15,0.012246968,8.64117,0,1.464758449,2.547653959,0.042883724,96.65241087,289.9572326,38.66096435,2.814393939,0.031951742,0.244681956,0.042883724,21.31713305,342.9428451
2016-12-16,0.012246968,8.63226,0,1.458039374,2.551319648,0.043266614,95.80084778,287.4025433,38.32033911,2.795995671,0.031831391,0.243215906,0.043266614,21.15460202,343.0168603
2016-12-17,0.012700273,8.62335,0,1.451320298,2.554985337,0.043649504,94.94928469,284.8478541,37.97971387,2.777597403,0.03171104,0.241749856,0.043649504,20.99207099,343.0909034
2016-12-18,0.013560983,8.61444,0,1.444601223,2.558651026,0.044032395,94.0977216,282.2931648,37.63908864,2.759199134,0.031590689,0.240283806,0.044032395,20.82953996,343.1649744
2016-12-19,0.013107678,8.60553,0,1.437882147,2.562316716,0.044415285,93.2461585,279.7384755,37.2984634,2.740800866,0.031470338,0.238817756,0.044415285,20.66700893,343.2390733
2016-12-20,0.012246968,8.59662,0,1.431163072,2.565982405,0.044798176,92.39459541,277.1837862,36.95783817,2.722402597,0.031349987,0.237351706,0.044798176,20.5044779,343.3132001
2016-12-21,0.012246968,8.58771,0,1.424443997,2.569648094,0.045181066,91.54303232,274.629097,36.61721293,2.704004329,0.031229636,0.235885655,0.045181066,20.34194687,343.3873548
2016-12-22,0.012246968,8.5788,0,1.417724921,2.573313783,0.045563956,90.69146923,272.0744077,36.27658769,2.685606061,0.031109285,0.234419605,0.045563956,20.17941584,343.4615375
2016-12-23,0.012246968,8.56989,0,1.411005846,2.576979472,0.045946847,89.83990614,269.5197184,35.93596246,2.667207792,0.030988934,0.232953555,0.045946847,20.01688481,343.5357481
2016-12-24,0.018358383,8.56098,0,1.40428677,2.580645161,0.046329737,88.98834305,266.9650291,35.59533722,2.648809524,0.030868582,0.231487505,0.046329737,19.85435378,343.6099867
2016-12-25,0.018358383,8.55207,0,1.397567695,2.58431085,0.046712628,88.13677996,264.4103399,35.25471198,2.630411255,0.030748231,0.230021455,0.046712628,19.69182275,343.6842534
2016-12-26,0.012433883,8.54316,0,1.390848619,2.58797654,0.047095518,87.28521686,261.8556506,34.91408675,2.612012987,0.03062788,0.228555405,0.047095518,19.52929172,343.758548
2016-12-27,0.012547273,8.53425,0,1.384129544,2.591642229,0.047478408,86.43365377,259.3009613,34.57346151,2.593614719,0.030507529,0.227089355,0.047478408,19.3667607,343.8328706
2016-12-28,0.012366138,8.52534,0,1.377410468,2.595307918,0.047861299,85.58209068,256.746272,34.23283627,2.57521645,0.030387178,0.225623305,0.047861299,19.20422967,343.9072212
2016-12-29,0.015194258,8.51643,0,1.370691393,2.598973607,0.048244189,84.73052759,254.1915828,33.89221104,2.556818182,0.030266827,0.224157255,0.048244189,19.04169864,343.9815999
2016-12-30,0.015191708,8.50752,0,1.363972317,2.602639296,0.04862708,83.8789645,251.6368935,33.5515858,2.538419913,0.030146476,0.222691205,0.04862708,18.87916761,344.0560067
2016-12-31,0.012250198,8.49861,0,1.357253242,2.606304985,0.04900997,83.02740141,249.0822042,33.21096056,2.520021645,0.030026125,0.221225155,0.04900997,18.71663658,344.1304415
2017-01-01,0.012474428,8.4897,0,1.350534166,2.609970674,0.04939286,82.17583832,246.5275149,32.87033533,2.501623377,0.029905774,0.219759105,0.04939286,18.55410555,344.2049044
2017-01-02,0.013682278,8.48079,0,1.343815091,2.613636364,0.049775751,81.32427523,243.9728257,32.52971009,2.483225108,0.029785423,0.218293055,0.049775751,18.39157452,344.2793954
2017-01-03,0.018747598,8.47188,0,1.337096016,2.617302053,0.050158641,80.47271213,241.4181364,32.18908485,2.46482684,0.029665072,0.216827005,0.050158641,18.22904349,344.3539145
2017-01-04,0.017645233,8.46297,0,1.33037694,2.620967742,0.050541531,79.62114904,238.8634471,31.84845962,2.446428571,0.029544721,0.215360955,0.050541531,18.06651246,344.4284618
2017-01-05,0.012352453,8.45406,0,1.323657865,2.624633431,0.050924422,78.76958595,236.3087579,31.50783438,2.428030303,0.02942437,0.213894905,0.050924422,17.90398143,344.5030371
2017-01-06,0.012416798,8.44515,0,1.316938789,2.62829912,0.051307312,77.91802286,233.7540686,31.16720914,2.409632035,0.029304019,0.212428855,0.051307312,17.7414504,344.5776407
2017-01-07,0.012416798,8.43624,0,1.310219714,2.631964809,0.051690203,77.06645977,231.1993793,30.82658391,2.391233766,0.029183667,0.210962805,0.051690203,17.57891937,344.6522724
2017-01-08,0.012246968,8.42733,0,1.303500638,2.635630499,0.052073093,76.21489668,228.64469,30.48595867,2.372835498,0.029063316,0.209496755,0.052073093,17.41638834,344.7269322
2017-01-09,0.012246968,8.41842,0,1.296781563,2.639296188,0.052455983,75.36333359,226.0900008,30.14533343,2.354437229,0.028942965,0.208030705,0.052455983,17.25385731,344.8016203
2017-01-10,0.01310756,8.40951,0,1.290062487,2.642961877,0.052838874,74.51177049,223.5353115,29.8047082,2.336038961,0.028822614,0.206564655,0.052838874,17.09132629,344.8763366
2017-01-11,0.017270229,8.4006,0,1.283343412,2.646627566,0.053221764,73.6602074,220.9806222,29.46408296,2.317640693,0.028702263,0.205098605,0.053221764,16.92879526,344.9510811
2017-01-12,0.021374944,8.39169,0,1.276624336,2.650293255,0.053604655,72.80864431,218.4259329,29.12345772,2.299242424,0.028581912,0.203632554,0.053604655,16.76626423,345.0258538
2017-01-13,0.023630663,8.38278,0,1.269905261,2.653958944,0.053987545,71.95708122,215.8712437,28.78283249,2.280844156,0.028461561,0.202166504,0.053987545,16.6037332,345.1006548
2017-01-14,0.025861058,8.37387,0,1.263186186,2.657624633,0.054370435,71.10551813,213.3165544,28.44220725,2.262445887,0.02834121,0.200700454,0.054370435,16.44120217,345.1754841
2017-01-15,0.02007235,8.36496,0,1.25646711,2.661290323,0.054753326,70.25395504,210.7618651,28.10158201,2.244047619,0.028220859,0.199234404,0.054753326,16.27867114,345.2503416
2017-01-16,0.013377298,8.35605,0,1.249748035,2.664956012,0.055136216,69.40239195,208.2071758,27.76095678,2.225649351,0.028100508,0.197768354,0.055136216,16.11614011,345.3252274
2017-01-17,0.014637678,8.34714,0,1.243028959,2.668621701,0.055519107,68.55082885,205.6524866,27.42033154,2.207251082,0.027980157,0.196302304,0.055519107,15.95360908,345.4001415
2017-01-18,0.014840148,8.33823,0,1.236309884,2.67228739,0.055901997,67.69926576,203.0977973,27.07970631,2.188852814,0.027859806,0.194836254,0.055901997,15.79107805,345.4750839
2017-01-19,0.012950088,8.32932,0,1.229590808,2.675953079,0.056284887,66.84770267,200.543108,26.73908107,2.170454545,0.027739455,0.193370204,0.056284887,15.62854702,345.5500547
2017-01-20,0.015644928,8.32041,0,1.222871733,2.679618768,0.056667778,65.99613958,197.9884187,26.39845583,2.152056277,0.027619104,0.191904154,0.056667778,15.46601599,345.6250538
2017-01-21,0.018323618,8.3115,0,1.216152657,2.683284457,0.057050668,65.14457649,195.4337295,26.0578306,2.133658009,0.027498752,0.190438104,0.057050668,15.30348496,345.7000813
2017-01-22,0.016729358,8.30259,0,1.209433582,2.686950147,0.057433558,64.2930134,192.8790402,25.71720536,2.11525974,0.027378401,0.188972054,0.057433558,15.14095393,345.7751371
2017-01-23,0.034422958,8.29368,0,1.202714506,2.690615836,0.057816449,63.44145031,190.3243509,25.37658012,2.096861472,0.02725805,0.187506004,0.057816449,14.9784229,345.8502214
2017-01-24,0.032720621,8.28477,0,1.195995431,2.694281525,0.058199339,62.58988722,187.7696616,25.03595489,2.078463203,0.027137699,0.186039954,0.058199339,14.81589188,345.925334
2017-01-25,0.012348331,8.27586,0,1.189276356,2.697947214,0.05858223,61.73832412,185.2149724,24.69532965,2.060064935,0.027017348,0.184573904,0.05858223,14.65336085,346.0004751
2017-01-26,0.012367243,8.26695,0,1.18255728,2.701612903,0.05896512,60.88676103,182.6602831,24.35470441,2.041666667,0.026896997,0.183107854,0.05896512,14.49082982,346.0756445
2017-01-27,0.012367243,8.25804,0,1.175838205,2.705278592,0.05934801,60.03519794,180.1055938,24.01407918,2.023268398,0.026776646,0.181641804,0.05934801,14.32829879,346.1508425
2017-01-28,0.012246968,8.24913,0,1.169119129,2.708944282,0.059730901,59.18363485,177.5509045,23.67345394,2.00487013,0.026656295,0.180175754,0.059730901,14.16576776,346.2260688
2017-01-29,0.013107338,8.24022,0,1.162400054,2.712609971,0.060113791,58.33207176,174.9962153,23.3328287,1.986471861,0.026535944,0.178709704,0.060113791,14.00323673,346.3013237
2017-01-30,0.013159372,8.23131,0,1.155680978,2.71627566,0.060496682,57.48050867,172.441526,22.99220347,1.968073593,0.026415593,0.177243654,0.060496682,13.8407057,346.376607
2017-01-31,0.012298968,8.2224,0,1.148961903,2.719941349,0.060879572,56.62894558,169.8868367,22.65157823,1.949675325,0.026295242,0.175777604,0.060879572,13.67817467,346.4519188
2017-02-01,0.012246968,8.21349,0,1.142242827,2.723607038,0.061262462,55.77738248,167.3321475,22.31095299,1.931277056,0.026174891,0.174311554,0.061262462,13.51564364,346.5272592
2017-02-02,0.012246968,8.20458,0,1.135523752,2.727272727,0.061645353,54.92581939,164.7774582,21.97032776,1.912878788,0.02605454,0.172845503,0.061645353,13.35311261,346.6026281
2017-02-03,0.012246968,8.19567,0,1.128804676,2.730938416,0.062028243,54.0742563,162.2227689,21.62970252,1.894480519,0.025934189,0.171379453,0.062028243,13.19058158,346.6780255
2017-02-04,0.012246968,8.18676,0,1.122085601,2.734604106,0.062411134,53.22269321,159.6680796,21.28907728,1.876082251,0.025813837,0.169913403,0.062411134,13.02805055,346.7534514
2017-02-05,0.012281068,8.17785,0,1.115366526,2.738269795,0.062794024,52.37113012,157.1133904,20.94845205,1.857683983,0.025693486,0.168447353,0.062794024,12.86551952,346.828906
2017-02-06,0.012281068,8.16894,0,1.10864745,2.741935484,0.063176914,51.51956703,154.5587011,20.60782681,1.839285714,0.025573135,0.166981303,0.063176914,12.70298849,346.9043891
2017-02-07,0.012246968,8.16003,0,1.129764544,3.033794163,0.063176914,51.74259546,155.2277864,20.69703818,1.861394558,0.025960607,0.170468549,0.063176914,12.58899231,346.9799008
2017-02-08,0.013073848,8.15112,0,1.150881639,3.325652842,0.063176914,51.96562388,155.8968717,20.78624955,1.883503401,0.026348079,0.173955795,0.063176914,12.47499613,347.0554411
2017-02-09,0.014557013,8.14221,0,1.171998733,3.617511521,0.063176914,52.18865231,156.5659569,20.87546093,1.905612245,0.026735551,0.17744304,0.063176914,12.36099995,347.13101
2017-02-10,0.013730133,8.1333,0,1.193115827,3.9093702,0.063176914,52.41168074,157.2350422,20.9646723,1.927721088,0.027123022,0.180930286,0.063176914,12.24700377,347.2066076
2017-02-11,0.012246968,8.12439,0,1.214232922,4.201228879,0.063176914,52.63470917,157.9041275,21.05388367,1.949829932,0.027510494,0.184417532,0.063176914,12.13300759,347.2822339
2017-02-12,0.012248878,8.11548,0,1.235350016,4.493087558,0.063176914,52.8577376,158.5732128,21.14309504,1.971938776,0.027897966,0.187904778,0.063176914,12.01901141,347.3578888
2017-02-13,0.012248878,8.10657,0,1.25646711,4.784946237,0.063176914,53.08076603,159.2422981,21.23230641,1.994047619,0.028285438,0.191392023,0.063176914,11.90501522,347.4335723
2017-02-14,0.012246968,8.09766,0,1.277584204,5.076804916,0.063176914,53.30379446,159.9113834,21.32151778,2.016156463,0.028672909,0.194879269,0.063176914,11.79101904,347.5092846
2017-02-15,0.013490008,8.08875,0,1.298701299,5.368663594,0.063176914,53.52682289,160.5804687,21.41072915,2.038265306,0.029060381,0.198366515,0.063176914,11.67702286,347.5850256
2017-02-16,0.013490008,8.07984,0,1.319818393,5.660522273,0.063176914,53.74985131,161.2495539,21.49994053,2.06037415,0.029447853,0.201853761,0.063176914,11.56302668,347.6607953
2017-02-17,0.012246968,8.07093,0,1.340935487,5.952380952,0.063176914,53.97287974,161.9186392,21.5891519,2.082482993,0.029835325,0.205341006,0.063176914,11.4490305,347.7365937
2017-02-18,0.012246968,8.06202,0,1.362052582,6.244239631,0.063176914,54.19590817,162.5877245,21.67836327,2.104591837,0.030222796,0.208828252,0.063176914,11.33503432,347.8124209
2017-02-19,0.012246968,8.05311,0,1.383169676,6.53609831,0.063176914,54.4189366,163.2568098,21.76757464,2.12670068,0.030610268,0.212315498,0.063176914,11.22103814,347.8882768
2017-02-20,0.012246968,8.0442,0,1.40428677,6.827956989,0.063176914,54.64196503,163.9258951,21.85678601,2.148809524,0.03099774,0.215802743,0.063176914,11.10704195,347.9641616
2017-02-21,0.012246968,8.03529,0,1.425403864,7.119815668,0.063176914,54.86499346,164.5949804,21.94599738,2.170918367,0.031385211,0.219289989,0.063176914,10.99304577,348.0400751
2017-02-22,0.014406988,8.02638,0,1.446520959,7.411674347,0.063176914,55.08802189,165.2640657,22.03520875,2.193027211,0.031772683,0.222777235,0.063176914,10.87904959,348.1160174
2017-02-23,0.014406988,8.01747,0,1.467638053,7.703533026,0.063176914,55.31105032,165.9331509,22.12442013,2.215136054,0.032160155,0.226264481,0.063176914,10.76505341,348.1919886
2017-02-24,0.012246968,8.00856,0,1.488755147,7.995391705,0.063176914,55.53407874,166.6022362,22.2136315,2.237244898,0.032547627,0.229751726,0.063176914,10.65105723,348.2679885
2017-02-25,0.012453093,7.99965,0,1.509872242,8.287250384,0.063176914,55.75710717,167.2713215,22.30284287,2.259353741,0.032935098,0.233238972,0.063176914,10.53706105,348.3440174
2017-02-26,0.012453093,7.99074,0,1.530989336,8.579109063,0.063176914,55.9801356,167.9404068,22.39205424,2.281462585,0.03332257,0.236726218,0.063176914,10.42306487,348.4200751
2017-02-27,0.012246968,7.98183,0,1.55210643,8.870967742,0.063176914,56.20316403,168.6094921,22.48126561,2.303571429,0.033710042,0.240213463,0.063176914,10.30906869,348.4961616
2017-02-28,0.014152158,7.97292,0,1.520430789,8.859447005,0.064079442,56.53770667,169.61312,22.61508267,2.362244898,0.034152867,0.24329636,0.064079442,10.88032629,348.5722771
2017-03-01,0.016794808,7.96401,0,1.488755147,8.847926267,0.064981969,56.87224932,170.6167479,22.74889973,2.420918367,0.034595692,0.246379256,0.064981969,11.45158389,348.6484214
2017-03-02,0.014889618,7.9551,0,1.457079506,8.83640553,0.065884496,57.20679196,171.6203759,22.88271678,2.479591837,0.035038517,0.249462152,0.065884496,12.02284149,348.7245947
2017-03-03,0.012246968,7.94619,0,1.425403864,8.824884793,0.066787024,57.5413346,172.6240038,23.01653384,2.538265306,0.035481341,0.252545049,0.066787024,12.5940991,348.8007969
2017-03-04,0.012246968,7.93728,0,1.393728223,8.813364055,0.067689551,57.87587725,173.6276317,23.1503509,2.596938776,0.035924166,0.255627945,0.067689551,13.1653567,348.8770281
2017-03-05,0.012246968,7.92837,0,1.362052582,8.801843318,0.068592078,58.21041989,174.6312597,23.28416796,2.655612245,0.036366991,0.258710841,0.068592078,13.7366143,348.9532882
2017-03-06,0.012246968,7.91946,0,1.33037694,8.790322581,0.069494606,58.54496253,175.6348876,23.41798501,2.714285714,0.036809816,0.261793738,0.069494606,14.30787191,349.0295773
2017-03-07,0.013800938,7.91055,0,1.298701299,8.778801843,0.070397133,58.87950517,176.6385155,23.55180207,2.772959184,0.037252641,0.264876634,0.070397133,14.87912951,349.1058954
2017-03-08,0.013806123,7.90164,0,1.267025657,8.767281106,0.07129966,59.21404782,177.6421435,23.68561913,2.831632653,0.037695466,0.26795953,0.07129966,15.45038711,349.1822425
2017-03-09,0.012252158,7.89273,0,1.235350016,8.755760369,0.072202188,59.54859046,178.6457714,23.81943618,2.890306122,0.038138291,0.271042427,0.072202188,16.02164472,349.2586186
2017-03-10,0.012259568,7.88382,0,1.203674374,8.744239631,0.073104715,59.8831331,179.6493993,23.95325324,2.948979592,0.038581115,0.274125323,0.073104715,16.59290232,349.3350237
2017-03-11,0.012259568,7.87491,0,1.171998733,8.732718894,0.074007242,60.21767575,180.6530272,24.0870703,3.007653061,0.03902394,0.277208219,0.074007242,17.16415992,349.4114579
2017-03-12,0.012246968,7.866,0,1.140323092,8.721198157,0.07490977,60.55221839,181.6566552,24.22088736,3.066326531,0.039466765,0.280291116,0.07490977,17.73541753,349.4879212
2017-03-13,0.013419288,8.139571429,0,1.10864745,8.709677419,0.075812297,60.88676103,182.6602831,24.35470441,3.125,0.03990959,0.283374012,0.075812297,18.30667513,347.1533942
2017-03-14,0.015711993,8.413142857,0,1.235350016,8.646313364,0.077166088,61.55584632,184.667539,24.62233853,3.117346939,0.04022787,0.284884744,0.077166088,18.17445907,344.8458693
2017-03-15,0.014539673,8.686714286,0,1.362052582,8.582949309,0.078519879,62.2249316,186.6747948,24.88997264,3.109693878,0.040546151,0.286395477,0.078519879,18.04224301,342.5649446
2017-03-16,0.012246968,8.960285714,0,1.488755147,8.519585253,0.07987367,62.89401689,188.6820507,25.15760676,3.102040816,0.040864431,0.287906209,0.07987367,17.91002695,340.3102248
2017-03-17,0.015492608,9.233857143,0,1.615457713,8.456221198,0.081227461,63.56310218,190.6893065,25.42524087,3.094387755,0.041182711,0.289416941,0.081227461,17.77781088,338.0813203
2017-03-18,0.01626258,9.507428571,0,1.742160279,8.392857143,0.082581252,64.23218746,192.6965624,25.69287499,3.086734694,0.041500992,0.290927673,0.082581252,17.64559482,335.8778475
2017-03-19,0.01301694,9.781,0,1.868862844,8.329493088,0.083935043,64.90127275,194.7038182,25.9605091,3.079081633,0.041819272,0.292438406,0.083935043,17.51337876,333.699429
2017-03-20,0.012579828,10.05457143,0,1.99556541,8.266129032,0.085288834,65.57035803,196.7110741,26.22814321,3.071428571,0.042137552,0.293949138,0.085288834,17.3811627,331.5456926
2017-03-21,0.012579828,10.32814286,0,2.122267976,8.202764977,0.086642625,66.23944332,198.71833,26.49577733,3.06377551,0.042455833,0.29545987,0.086642625,17.24894664,329.4162722
2017-03-22,0.012246968,10.60171429,0,2.248970542,8.139400922,0.087996416,66.90852861,200.7255858,26.76341144,3.056122449,0.042774113,0.296970602,0.087996416,17.11673058,327.3108071
2017-03-23,0.012246968,10.87528571,0,2.375673107,8.076036866,0.089350207,67.57761389,202.7328417,27.03104556,3.048469388,0.043092394,0.298481335,0.089350207,16.98451452,325.2289423
2017-03-24,0.012246968,11.14885714,0,2.502375673,8.012672811,0.090703998,68.24669918,204.7400975,27.29867967,3.040816327,0.043410674,0.299992067,0.090703998,16.85229845,323.1703278
2017-03-25,0.012246968,11.42242857,0,2.629078239,7.949308756,0.092057789,68.91578447,206.7473534,27.56631379,3.033163265,0.043728954,0.301502799,0.092057789,16.72008239,321.1346194
2017-03-26,0.012832703,11.696,0,2.755780805,7.8859447,0.09341158,69.58486975,208.7546093,27.8339479,3.025510204,0.044047235,0.303013531,0.09341158,16.58786633,319.1214778
2017-03-27,0.012946858,11.82242857,0,2.88248337,7.822580645,0.094765371,70.25395504,210.7618651,28.10158201,3.017857143,0.044365515,0.304524264,0.094765371,16.45565027,318.1986541
2017-03-28,0.015623338,11.94885714,0,2.771618625,7.741935484,0.096119162,70.25395504,210.7618651,28.10158201,2.978316327,0.044254809,0.302174117,0.096119162,16.29129283,317.2805462
2017-03-29,0.015561543,12.07528571,0,2.66075388,7.661290323,0.097472954,70.25395504,210.7618651,28.10158201,2.93877551,0.044144103,0.29982397,0.097472954,16.12693539,316.3671215
2017-03-30,0.012319368,12.20171429,0,2.549889135,7.580645161,0.098826745,70.25395504,210.7618651,28.10158201,2.899234694,0.044033396,0.297473823,0.098826745,15.96257795,315.458348
2017-03-31,0.021805048,12.32814286,0,2.43902439,7.5,0.100180536,70.25395504,210.7618651,28.10158201,2.859693878,0.04392269,0.295123676,0.100180536,15.79822051,314.5541938
2017-04-01,0.021784988,12.45457143,0,2.328159645,7.419354839,0.101534327,70.25395504,210.7618651,28.10158201,2.820153061,0.043811984,0.292773529,0.101534327,15.63386307,313.6546272
2017-04-02,0.012246968,12.581,0,2.2172949,7.338709677,0.102888118,70.25395504,210.7618651,28.10158201,2.780612245,0.043701278,0.290423382,0.102888118,15.46950563,312.7596167
2017-04-03,0.019493048,12.70742857,0,2.106430155,7.258064516,0.104241909,70.25395504,210.7618651,28.10158201,2.741071429,0.043590572,0.288073235,0.104241909,15.30514819,311.869131
2017-04-04,0.019613238,12.83385714,0,1.99556541,7.177419355,0.1055957,70.25395504,210.7618651,28.10158201,2.701530612,0.043479865,0.285723088,0.1055957,15.14079075,310.9831392
2017-04-05,0.012367158,12.96028571,0,1.884700665,7.096774194,0.106949491,70.25395504,210.7618651,28.10158201,2.661989796,0.043369159,0.283372941,0.106949491,14.9764333,310.1016105
2017-04-06,0.016222928,13.08671429,0,1.77383592,7.016129032,0.108303282,70.25395504,210.7618651,28.10158201,2.62244898,0.043258453,0.281022794,0.108303282,14.81207586,309.2245142
2017-04-07,0.016261008,13.21314286,0,1.662971175,6.935483871,0.109657073,70.25395504,210.7618651,28.10158201,2.582908163,0.043147747,0.278672647,0.109657073,14.64771842,308.3518199
2017-04-08,0.012285068,13.33957143,0,1.55210643,6.85483871,0.111010864,70.25395504,210.7618651,28.10158201,2.543367347,0.04303704,0.2763225,0.111010864,14.48336098,307.4834976
2017-04-09,0.012246968,13.466,0,1.441241685,6.774193548,0.112364655,70.25395504,210.7618651,28.10158201,2.503826531,0.042926334,0.273972353,0.112364655,14.31900354,306.6195172
2017-04-10,0.012246968,14.26671429,0,1.33037694,6.693548387,0.113718446,70.25395504,210.7618651,28.10158201,2.464285714,0.042815628,0.271622206,0.113718446,14.1546461,301.2465713
2017-04-11,0.012246968,15.06742857,0,1.393728223,6.820276498,0.116426028,71.59212561,214.7763768,28.63685024,2.530612245,0.043230776,0.272650959,0.116426028,14.56150548,296.0392573
2017-04-12,0.012281168,15.86814286,0,1.457079506,6.947004608,0.11913361,72.93029618,218.7908885,29.17211847,2.596938776,0.043645925,0.273679712,0.11913361,14.96836487,290.9905325
2017-04-13,0.012281168,16.66885714,0,1.520430789,7.073732719,0.121841192,74.26846675,222.8054003,29.7073867,2.663265306,0.044061073,0.274708464,0.121841192,15.37522425,286.0936605
2017-04-14,0.012292268,17.46957143,0,1.583782072,7.200460829,0.124548774,75.60663733,226.819912,30.24265493,2.729591837,0.044476221,0.275737217,0.124548774,15.78208363,281.3421969
2017-04-15,0.015732818,18.27028571,0,1.647133354,7.32718894,0.127256356,76.9448079,230.8344237,30.77792316,2.795918367,0.04489137,0.27676597,0.127256356,16.18894301,276.7299762
2017-04-16,0.015687513,19.071,0,1.710484637,7.453917051,0.129963938,78.28297847,234.8489354,31.31319139,2.862244898,0.045306518,0.277794722,0.129963938,16.59580239,272.2510986
2017-04-17,0.013123318,18.65557143,0,1.77383592,7.580645161,0.13267152,79.62114904,238.8634471,31.84845962,2.928571429,0.045721666,0.278823475,0.13267152,17.00266178,274.5585505
2017-04-18,0.013592178,18.24014286,0,1.710484637,6.889400922,0.123646247,93.00285476,279.0085643,37.20114191,2.826530612,0.042206744,0.256214448,0.123646247,16.83888995,276.9011515
2017-04-19,0.014284418,17.82471429,0,1.647133354,6.198156682,0.114620973,106.3845605,319.1536815,42.55382419,2.724489796,0.038691822,0.233605421,0.114620973,16.67511813,279.2796998
2017-04-20,0.016073583,17.40928571,0,1.583782072,5.506912442,0.1055957,119.7662662,359.2987986,47.90650648,2.62244898,0.035176899,0.210996394,0.1055957,16.5113463,281.6950118
2017-04-21,0.014703043,16.99385714,0,1.520430789,4.815668203,0.096570426,133.1479719,399.4439158,53.25918877,2.520408163,0.031661977,0.188387367,0.096570426,16.34757448,284.1479228
2017-04-22,0.017980218,16.57842857,0,1.457079506,4.124423963,0.087545153,146.5296776,439.5890329,58.61187106,2.418367347,0.028147055,0.16577834,0.087545153,16.18380265,286.6392874
2017-04-23,0.027088903,16.163,0,1.393728223,3.433179724,0.078519879,159.9113834,479.7341501,63.96455335,2.316326531,0.024632132,0.143169313,0.078519879,16.02003083,289.16998
2017-04-24,0.040240528,16.63842857,0,1.33037694,2.741935484,0.069494606,173.2930891,519.8792673,69.31723564,2.214285714,0.02111721,0.120560286,0.069494606,15.856259,286.2770526
2017-04-25,0.037415043,17.11385714,0,1.520430789,2.603686636,0.070397133,163.9258951,491.7776853,65.57035803,2.428571429,0.025683842,0.16075744,0.070397133,17.73302543,283.4354676
2017-04-26,0.018728388,17.58928571,0,1.710484637,2.465437788,0.07129966,154.5587011,463.6761032,61.82348043,2.642857143,0.030250473,0.200954595,0.07129966,19.60979186,280.6439206
2017-04-27,0.013666128,18.06471429,0,1.900538486,2.32718894,0.072202188,145.1915071,435.5745212,58.07660283,2.857142857,0.034817104,0.241151749,0.072202188,21.48655829,277.9011412
2017-04-28,0.013665958,18.54014286,0,2.090592334,2.188940092,0.073104715,135.8243131,407.4729392,54.32972523,3.071428571,0.039383735,0.281348904,0.073104715,23.36332472,275.2058919
2017-04-29,0.012246968,19.01557143,0,2.280646183,2.050691244,0.074007242,126.4571191,379.3713572,50.58284763,3.285714286,0.043950367,0.321546058,0.074007242,25.24009114,272.5569667
2017-04-30,0.012246968,19.491,0,2.470700032,1.912442396,0.07490977,117.0899251,351.2697752,46.83597002,3.5,0.048516998,0.361743212,0.07490977,27.11685757,269.953191
2017-05-01,0.014000858,18.915,0,2.66075388,1.774193548,0.075812297,107.7227311,323.1681932,43.08909242,3.714285714,0.053083629,0.401940367,0.075812297,28.993624,273.1135119
2017-05-02,0.014000858,18.339,0,2.43902439,1.693548387,0.073104715,107.0536458,321.1609373,42.82145831,3.766071429,0.053249689,0.406142483,0.073104715,29.76207008,276.3404671
2017-05-03,0.012246968,17.763,0,2.2172949,1.612903226,0.070397133,106.3845605,319.1536815,42.55382419,3.817857143,0.053415748,0.410344599,0.070397133,30.53051616,279.6361631
2017-05-04,0.018712578,17.187,0,1.99556541,1.532258065,0.067689551,105.7154752,317.1464256,42.28619008,3.869642857,0.053581807,0.414546714,0.067689551,31.29896224,283.0027741
2017-05-05,0.038239628,16.44366667,0,1.77383592,1.451612903,0.064981969,105.0463899,315.1391697,42.01855597,3.921428571,0.053747867,0.41874883,0.064981969,32.06740832,287.4558726
2017-05-06,0.031894123,15.70033333,0,1.55210643,1.370967742,0.062274387,104.3773046,313.1319139,41.75092185,3.973214286,0.053913926,0.422950946,0.062274387,32.8358544,292.03582
2017-05-07,0.012367073,14.957,0,1.33037694,1.290322581,0.059566805,103.7082193,311.124658,41.48328774,4.025,0.054079985,0.427153062,0.059566805,33.60430048,296.7478283
2017-05-08,0.012246968,14.9805,0,1.10864745,1.209677419,0.056859223,103.0391341,309.1174022,41.21565362,4.076785714,0.054246045,0.431355178,0.056859223,34.37274656,296.5967857
2017-05-09,0.016859578,15.004,0,1.140323092,1.232718894,0.054151641,104.3773046,313.1319139,41.75092185,3.971428571,0.053138982,0.424099201,0.054151641,33.36981516,296.4458804
2017-05-10,0.017730998,15.5138,0,1.171998733,1.255760369,0.051444059,105.7154752,317.1464256,42.28619008,3.866071429,0.05203192,0.416843224,0.051444059,32.36688376,293.2056386
2017-05-11,0.015213128,16.0236,0,1.203674374,1.278801843,0.048736477,107.0536458,321.1609373,42.82145831,3.760714286,0.050924858,0.409587247,0.048736477,31.36395235,290.0281399
2017-05-12,0.022741068,16.5334,0,1.235350016,1.301843318,0.046028895,108.3918163,325.175449,43.35672654,3.655357143,0.049817796,0.40233127,0.046028895,30.36102095,286.9116746
2017-05-13,0.021774108,17.0432,0,1.267025657,1.324884793,0.043321313,109.7299869,329.1899607,43.89199477,3.55,0.048710734,0.395075292,0.043321313,29.35808955,283.8545808
2017-05-14,0.013481083,17.553,0,1.298701299,1.347926267,0.040613731,111.0681575,333.2044725,44.427263,3.444642857,0.047603672,0.387819315,0.040613731,28.35515815,280.8552425
2017-05-15,0.012459553,17.68804444,0,1.33037694,1.370967742,0.037906149,112.4063281,337.2189842,44.96253122,3.339285714,0.04649661,0.380563338,0.037906149,27.35222675,280.0702034
2017-05-16,0.012353218,17.82308889,0,1.362052582,1.543778802,0.04422384,109.0609016,327.1827049,43.62436065,3.691326531,0.049208912,0.398656367,0.04422384,30.31610739,279.2890777
2017-05-17,0.012246968,17.95813333,0,1.393728223,1.716589862,0.050541531,105.7154752,317.1464256,42.28619008,4.043367347,0.051921214,0.416749395,0.050541531,33.27998804,278.5118372
2017-05-18,0.012246968,18.09317778,0,1.425403864,1.889400922,0.056859223,102.3700488,307.1101463,40.94801951,4.395408163,0.054633516,0.434842424,0.056859223,36.24386868,277.7384536
2017-05-19,0.012572348,18.22822222,0,1.457079506,2.062211982,0.063176914,99.02462234,297.073867,39.60984894,4.74744898,0.057345819,0.452935452,0.063176914,39.20774933,276.9688986
2017-05-20,0.019522288,18.36326667,0,1.488755147,2.235023041,0.069494606,95.67919591,287.0375877,38.27167836,5.099489796,0.060058121,0.471028481,0.069494606,42.17162997,276.2031447
2017-05-21,0.021187268,18.49831111,0,1.520430789,2.407834101,0.075812297,92.33376948,277.0013084,36.93350779,5.451530612,0.062770423,0.48912151,0.075812297,45.13551062,275.441164
2017-05-22,0.019139788,18.63335556,0,1.55210643,2.580645161,0.082129989,88.98834305,266.9650291,35.59533722,5.803571429,0.065482725,0.507214538,0.082129989,48.09939127,274.6829291
2017-05-23,0.030498678,18.7684,0,1.647133354,2.453917051,0.080324934,92.33376948,277.0013084,36.93350779,5.510459184,0.063960515,0.495319699,0.080324934,45.49308225,273.9284129
2017-05-24,0.037968393,18.90344444,0,1.742160279,2.32718894,0.078519879,95.67919591,287.0375877,38.27167836,5.217346939,0.062438304,0.48342486,0.078519879,42.88677323,273.1775883
2017-05-25,0.028627063,19.03848889,0,1.837187203,2.200460829,0.076714825,99.02462234,297.073867,39.60984894,4.924234694,0.060916094,0.471530021,0.076714825,40.28046421,272.4304284
2017-05-26,0.016254888,19.17353333,0,1.932214127,2.073732719,0.07490977,102.3700488,307.1101463,40.94801951,4.631122449,0.059393883,0.459635182,0.07490977,37.67415519,271.6869066
2017-05-27,0.012246968,19.30857778,0,2.027241052,1.947004608,0.073104715,105.7154752,317.1464256,42.28619008,4.338010204,0.057871673,0.447740342,0.073104715,35.06784618,270.9469965
2017-05-28,0.012250538,19.44362222,0,2.122267976,1.820276498,0.07129966,109.0609016,327.1827049,43.62436065,4.044897959,0.056349463,0.435845503,0.07129966,32.46153716,270.2106718
2017-05-29,0.012250538,19.57866667,0,2.2172949,1.693548387,0.069494606,112.4063281,337.2189842,44.96253122,3.751785714,0.054827252,0.423950664,0.069494606,29.85522814,269.4779065
2017-05-30,0.012285068,19.71371111,0,2.280646183,1.739631336,0.068592078,115.7517545,347.2552635,46.3007018,4.122704082,0.056100374,0.436311284,0.068592078,33.08405922,268.7486747
2017-05-31,0.013454563,19.84875556,0,2.343997466,1.785714286,0.067689551,119.0971809,357.2915428,47.63887237,4.493622449,0.057373495,0.448671905,0.067689551,36.31289029,268.0229508
2017-06-01,0.013416483,19.9838,0,2.407348749,1.831797235,0.066787024,122.4426074,367.3278221,48.97704294,4.864540816,0.058646617,0.461032525,0.066787024,39.54172136,267.3007092
2017-06-02,0.012379058,20.11884444,0,2.470700032,1.877880184,0.065884496,125.7880338,377.3641013,50.31521351,5.235459184,0.059919738,0.473393146,0.065884496,42.77055244,266.5819247
2017-06-03,0.012379058,20.25388889,0,2.534051315,1.923963134,0.064981969,129.1334602,387.4003806,51.65338408,5.606377551,0.061192859,0.485753766,0.064981969,45.99938351,265.8665721
2017-06-04,0.014914268,20.38893333,0,2.597402597,1.970046083,0.064079442,132.4788866,397.4366599,52.99155466,5.977295918,0.062465981,0.498114386,0.064079442,49.22821458,265.1546266
2017-06-05,0.021706278,20.52397778,0,2.66075388,2.016129032,0.063176914,135.8243131,407.4729392,54.32972523,6.348214286,0.063739102,0.510475007,0.063176914,52.45704566,264.4460634
2017-06-06,0.019038978,20.65902222,0,2.629078239,2.557603687,0.064079442,131.1407161,393.4221482,52.45628643,6.082653061,0.063379307,0.506334323,0.064079442,49.55719563,263.7408579
2017-06-07,0.012246968,20.79406667,0,2.597402597,3.099078341,0.064981969,126.4571191,379.3713572,50.58284763,5.817091837,0.063019512,0.502193639,0.064981969,46.65734559,263.0389857
2017-06-08,0.012787908,20.92911111,0,2.565726956,3.640552995,0.065884496,121.7735221,365.3205662,48.70940883,5.551530612,0.062659717,0.498052955,0.065884496,43.75749556,262.3404227
2017-06-09,0.012787908,21.06415556,0,2.534051315,4.18202765,0.066787024,117.0899251,351.2697752,46.83597002,5.285969388,0.062299922,0.493912271,0.066787024,40.85764553,261.6451449
2017-06-10,0.012246968,21.1992,0,2.502375673,4.723502304,0.067689551,112.4063281,337.2189842,44.96253122,5.020408163,0.061940126,0.489771586,0.067689551,37.95779549,260.9531283
2017-06-11,0.012246968,21.33424444,0,2.470700032,5.264976959,0.068592078,107.7227311,323.1681932,43.08909242,4.754846939,0.061580331,0.485630902,0.068592078,35.05794546,260.2643493
2017-06-12,0.012246968,21.46928889,0,2.43902439,5.806451613,0.069494606,103.0391341,309.1174022,41.21565362,4.489285714,0.061220536,0.481490218,0.069494606,32.15809543,259.5787844
2017-06-13,0.016951888,21.60433333,0,2.280646183,5.633640553,0.067689551,106.3845605,319.1536815,42.55382419,4.7,0.062549011,0.495251544,0.067689551,34.38571326,258.8964103
2017-06-14,0.019620378,21.73937778,0,2.122267976,5.460829493,0.065884496,109.7299869,329.1899607,43.89199477,4.910714286,0.063877485,0.50901287,0.065884496,36.6133311,258.2172037
2017-06-15,0.026518298,21.87442222,0,1.963889769,5.288018433,0.064079442,113.0754133,339.22624,45.23016534,5.121428571,0.06520596,0.522774195,0.064079442,38.84094894,257.5411418
2017-06-16,0.025825548,22.00946667,0,1.805511562,5.115207373,0.062274387,116.4208398,349.2625193,46.56833591,5.332142857,0.066534434,0.536535521,0.062274387,41.06856678,256.8682017
2017-06-17,0.021933398,22.14451111,0,1.647133354,4.942396313,0.060469332,119.7662662,359.2987986,47.90650648,5.542857143,0.067862909,0.550296847,0.060469332,43.29618462,256.1983607
2017-06-18,0.020190218,22.27955556,0,1.488755147,4.769585253,0.058664278,123.1116926,369.3350779,49.24467705,5.753571429,0.069191383,0.564058173,0.058664278,45.52380246,255.5315964
2017-06-19,0.017254828,22.4146,0,1.33037694,4.596774194,0.056859223,126.4571191,379.3713572,50.58284763,5.964285714,0.070519858,0.577819498,0.056859223,47.75142029,254.8678864
2017-06-20,0.017022268,22.54964444,0,1.425403864,6.301843318,0.059566805,117.0899251,351.2697752,46.83597002,6.002040816,0.068056645,0.552942997,0.059566805,46.29112016,254.2072085
2017-06-21,0.012246968,22.68468889,0,1.520430789,8.006912442,0.062274387,107.7227311,323.1681932,43.08909242,6.039795918,0.065593431,0.528066496,0.062274387,44.83082003,253.5495408
2017-06-22,0.012672818,22.81973333,0,1.615457713,9.711981567,0.064981969,98.35553705,295.0666112,39.34221482,6.07755102,0.063130218,0.503189995,0.064981969,43.3705199,252.8948614
2017-06-23,0.013316098,22.95477778,0,1.710484637,11.41705069,0.067689551,88.98834305,266.9650291,35.59533722,6.115306122,0.060667005,0.478313493,0.067689551,41.91021977,252.2431486
2017-06-24,0.013749088,23.08982222,0,1.805511562,13.12211982,0.070397133,79.62114904,238.8634471,31.84845962,6.153061224,0.058203792,0.453436992,0.070397133,40.44991964,251.5943809
2017-06-25,0.013105808,23.22486667,0,1.900538486,14.82718894,0.073104715,70.25395504,210.7618651,28.10158201,6.190816327,0.055740578,0.428560491,0.073104715,38.98961951,250.9485369
2017-06-26,0.012246968,23.35991111,0,1.99556541,16.53225806,0.075812297,60.88676103,182.6602831,24.35470441,6.228571429,0.053277365,0.40368399,0.075812297,37.52931938,250.3055954
2017-06-27,0.012246968,23.49495556,0,1.94629219,15.79749104,0.080024091,62.9683597,188.9050791,25.18734388,6.070238095,0.054246045,0.40819031,0.080024091,36.88835963,249.6655353
2017-06-28,0.012246968,23.63,0,1.89701897,15.06272401,0.084235886,65.04995837,195.1498751,26.01998335,5.911904762,0.055214724,0.41269663,0.084235886,36.24739987,249.0283357
2017-06-29,0.012246968,23.94333333,0,1.84774575,14.32795699,0.08844768,67.13155704,201.3946711,26.85262281,5.753571429,0.056183403,0.41720295,0.08844768,35.60644012,247.5607935
2017-06-30,0.012354238,24.25666667,0,1.79847253,13.59318996,0.092659474,69.2131557,207.6394671,27.68526228,5.595238095,0.057152083,0.42170927,0.092659474,34.96548036,246.1082831
2017-07-01,0.012354238,24.57,0,1.74919931,12.85842294,0.096871269,71.29475437,213.8842631,28.51790175,5.436904762,0.058120762,0.42621559,0.096871269,34.32452061,244.6705526
2017-07-02,0.012246968,24.88333333,0,1.69992609,12.12365591,0.101083063,73.37635304,220.1290591,29.35054122,5.278571429,0.059089441,0.43072191,0.101083063,33.68356085,243.2473541
2017-07-03,0.012246968,25.19666667,0,1.65065287,11.38888889,0.105294857,75.45795171,226.3738551,30.18318068,5.120238095,0.060058121,0.43522823,0.105294857,33.0426011,241.8384443
2017-07-04,0.013598978,25.51,0,1.60137965,10.65412186,0.109506651,77.53955037,232.6186511,31.01582015,4.961904762,0.0610268,0.43973455,0.109506651,32.40164134,240.4435834
2017-07-05,0.017585478,25.723,0,1.55210643,9.919354839,0.113718446,79.62114904,238.8634471,31.84845962,4.803571429,0.061995479,0.44424087,0.113718446,31.76068159,239.5032758
2017-07-06,0.017160138,25.936,0,1.507760532,10.37096774,0.114981984,76.81099084,230.4329725,30.72439634,4.782142857,0.060561834,0.430074522,0.114981984,31.16055744,238.5692784
2017-07-07,0.013386138,25.78733333,0,1.463414634,10.82258065,0.116245522,74.00083264,222.0024979,29.60033306,4.760714286,0.059128189,0.415908175,0.116245522,30.56043329,239.2205146
2017-07-08,0.012459468,25.63866667,0,1.419068736,11.27419355,0.117509061,71.19067444,213.5720233,28.47626978,4.739285714,0.057694543,0.401741827,0.117509061,29.96030914,239.8748142
2017-07-09,0.012246968,25.49,0,1.374722838,11.72580645,0.118772599,68.38051624,205.1415487,27.35220649,4.717857143,0.056260898,0.38757548,0.118772599,29.360185,240.5322019
2017-07-10,0.012246968,25.73,0,1.33037694,12.17741935,0.120036137,65.57035803,196.7110741,26.22814321,4.696428571,0.054827252,0.373409132,0.120036137,28.76006085,239.4724811
2017-07-11,0.012246968,26.29,0,1.362052582,12.17741935,0.123646247,66.23944332,198.71833,26.49577733,4.655612245,0.055048665,0.371791735,0.123646247,28.36103827,237.0307655
2017-07-12,0.012246968,26.81,0,1.393728223,12.17741935,0.127256356,66.90852861,200.7255858,26.76341144,4.614795918,0.055270077,0.370174337,0.127256356,27.96201569,234.8013662
2017-07-13,0.013634508,26.716,0,1.425403864,12.17741935,0.130866465,67.57761389,202.7328417,27.03104556,4.573979592,0.055491489,0.36855694,0.130866465,27.56299311,235.2017177
2017-07-14,0.013645898,26.622,0,1.457079506,12.17741935,0.134476575,68.24669918,204.7400975,27.29867967,4.533163265,0.055712902,0.366939542,0.134476575,27.16397053,235.603234
2017-07-15,0.012258368,26.528,0,1.488755147,12.17741935,0.138086684,68.91578447,206.7473534,27.56631379,4.492346939,0.055934314,0.365322145,0.138086684,26.76494795,236.0059211
2017-07-16,0.012246968,26.434,0,1.520430789,12.17741935,0.141696794,69.58486975,208.7546093,27.8339479,4.451530612,0.056155727,0.363704747,0.141696794,26.36592537,236.4097848
2017-07-17,0.012246968,26.34,0,1.55210643,12.17741935,0.145306903,70.25395504,210.7618651,28.10158201,4.410714286,0.056377139,0.36208735,0.145306903,25.96690279,236.8148313
2017-07-18,0.018007588,26.246,0,1.615457713,11.71658986,0.147111958,75.60663733,226.819912,30.24265493,4.553571429,0.062936482,0.419316383,0.147111958,27.65009528,237.2210665
2017-07-19,0.018007588,26.152,0,1.678808996,11.25576037,0.148917012,80.95931961,242.8779588,32.38372785,4.696428571,0.069495825,0.476545417,0.148917012,29.33328778,237.6284964
2017-07-20,0.012299168,26.058,0,1.742160279,10.79493088,0.150722067,86.3120019,258.9360057,34.52480076,4.839285714,0.076055169,0.53377445,0.150722067,31.01648027,238.0371272
2017-07-21,0.012299168,25.964,0,1.805511562,10.33410138,0.152527122,91.66468419,274.9940526,36.66587368,4.982142857,0.082614512,0.591003484,0.152527122,32.69967277,238.4469649
2017-07-22,0.012251898,25.87,0,1.868862844,9.873271889,0.154332176,97.01736648,291.0520994,38.80694659,5.125,0.089173855,0.648232518,0.154332176,34.38286527,238.8580157
2017-07-23,0.012464228,25.776,0,1.932214127,9.412442396,0.156137231,102.3700488,307.1101463,40.94801951,5.267857143,0.095733198,0.705461551,0.156137231,36.06605776,239.2702857
2017-07-24,0.024868108,25.682,0,1.99556541,8.951612903,0.157942286,107.7227311,323.1681932,43.08909242,5.410714286,0.102292541,0.762690585,0.157942286,37.74925026,239.6837813
2017-07-25,0.024655778,25.588,0,1.963889769,9.055299539,0.156137231,101.7009635,305.1028904,40.68038539,5.262755102,0.097698233,0.723146869,0.156137231,36.34560661,240.0985085
2017-07-26,0.012246968,25.494,0,1.932214127,9.158986175,0.154332176,95.67919591,287.0375877,38.27167836,5.114795918,0.093103925,0.683603153,0.154332176,34.94196296,240.5144737
2017-07-27,0.012974908,25.4,0,1.900538486,9.262672811,0.152527122,89.65742833,268.972285,35.86297133,4.966836735,0.088509618,0.644059437,0.152527122,33.53831932,240.9316831
2017-07-28,0.015582198,25.306,0,1.868862844,9.366359447,0.150722067,83.63566076,250.9069823,33.4542643,4.818877551,0.08391531,0.604515721,0.150722067,32.13467567,241.3501432
2017-07-29,0.015844338,25.212,0,1.837187203,9.470046083,0.148917012,77.61389318,232.8416796,31.04555727,4.670918367,0.079321002,0.564972005,0.148917012,30.73103202,241.7698601
2017-07-30,0.013237048,25.118,0,1.805511562,9.573732719,0.147111958,71.59212561,214.7763768,28.63685024,4.522959184,0.074726694,0.525428289,0.147111958,29.32738837,242.1908404
2017-07-31,0.012255808,25.024,0,1.77383592,9.677419355,0.145306903,65.57035803,196.7110741,26.22814321,4.375,0.070132386,0.485884573,0.145306903,27.92374472,242.6130905
2017-08-01,0.012293868,24.93,0,2.248970542,9.735023041,0.147111958,64.90127275,194.7038182,25.9605091,4.413265306,0.069606532,0.479346827,0.147111958,27.73539417,243.0366168
2017-08-02,0.015788068,24.836,0,2.724105163,9.792626728,0.148917012,64.23218746,192.6965624,25.69287499,4.451530612,0.069080677,0.472809082,0.148917012,27.54704362,243.4614258
2017-08-03,0.015938008,24.742,0,3.199239785,9.850230415,0.150722067,63.56310218,190.6893065,25.42524087,4.489795918,0.068554823,0.466271337,0.150722067,27.35869307,243.887524
2017-08-04,0.013126548,24.648,0,3.674374406,9.907834101,0.152527122,62.89401689,188.6820507,25.15760676,4.528061224,0.068028968,0.459733591,0.152527122,27.17034251,244.314918
2017-08-05,0.012938528,24.554,0,4.149509028,9.965437788,0.154332176,62.2249316,186.6747948,24.88997264,4.566326531,0.067503114,0.453195846,0.154332176,26.98199196,244.7436144
2017-08-06,0.012277568,24.46,0,4.624643649,10.02304147,0.156137231,61.55584632,184.667539,24.62233853,4.604591837,0.066977259,0.446658101,0.156137231,26.79364141,245.1736198
2017-08-07,0.019531638,24.49,0,5.099778271,10.08064516,0.157942286,60.88676103,182.6602831,24.35470441,4.642857143,0.066451405,0.440120355,0.157942286,26.60529085,245.0362414
2017-08-08,0.020919348,24.52,0,4.529616725,9.965437788,0.148917012,62.2249316,186.6747948,24.88997264,4.650510204,0.068388763,0.466581858,0.148917012,27.35953732,244.8989968
2017-08-09,0.013665278,24.55,0,3.959455179,9.850230415,0.139891739,63.56310218,190.6893065,25.42524087,4.658163265,0.070326122,0.49304336,0.139891739,28.11378379,244.7618858
2017-08-10,0.012246968,24.6925,0,3.389293633,9.735023041,0.130866465,64.90127275,194.7038182,25.9605091,4.665816327,0.072263481,0.519504862,0.130866465,28.86803026,244.112426
2017-08-11,0.012866108,24.835,0,2.819132087,9.619815668,0.121841192,66.23944332,198.71833,26.49577733,4.673469388,0.07420084,0.545966364,0.121841192,29.62227673,243.465952
2017-08-12,0.013202198,24.9775,0,2.248970542,9.504608295,0.112815918,67.57761389,202.7328417,27.03104556,4.681122449,0.076138198,0.572427866,0.112815918,30.3765232,242.8224409
2017-08-13,0.012601078,25.12,0,1.678808996,9.389400922,0.103790645,68.91578447,206.7473534,27.56631379,4.68877551,0.078075557,0.598889368,0.103790645,31.13076967,242.1818702
2017-08-14,0.012346068,25.56,0,1.10864745,9.274193548,0.094765371,70.25395504,210.7618651,28.10158201,4.696428571,0.080012916,0.62535087,0.094765371,31.88501614,240.2222833
2017-08-15,0.013433738,26,0,1.140323092,9.677419355,0.098375481,95.67919591,287.0375877,38.27167836,4.798469388,0.07990221,0.620744405,0.098375481,32.36848204,238.2898628
2017-08-16,0.013352648,26.44,0,1.171998733,10.08064516,0.10198559,121.1044368,363.3133103,48.44177471,4.900510204,0.079791503,0.616137939,0.10198559,32.85194794,236.383971
2017-08-17,0.013269858,26.5175,0,1.203674374,10.48387097,0.1055957,146.5296776,439.5890329,58.61187106,5.00255102,0.079680797,0.611531474,0.1055957,33.33541384,236.050975
2017-08-18,0.013400758,26.595,0,1.235350016,10.88709677,0.109205809,171.9549185,515.8647556,68.78196741,5.104591837,0.079570091,0.606925009,0.109205809,33.81887974,235.7187793
2017-08-19,0.012377868,26.6725,0,1.267025657,11.29032258,0.112815918,197.3801594,592.1404782,78.95206376,5.206632653,0.079459385,0.602318544,0.112815918,34.30234564,235.3873806
2017-08-20,0.012246968,26.75,0,1.298701299,11.69354839,0.116426028,222.8054003,668.4162008,89.1221601,5.308673469,0.079348678,0.597712078,0.116426028,34.78581154,235.0567756
2017-08-21,0.014657908,26.39428571,0,1.33037694,12.09677419,0.120036137,248.2306411,744.6919234,99.29225645,5.410714286,0.079237972,0.593105613,0.120036137,35.26927744,236.5807693
2017-08-22,0.014657908,26.03857143,0,1.33037694,11.76267281,0.11913361,221.4672297,664.4016891,88.58689188,6.073979592,0.097255408,0.756165066,0.11913361,41.57276658,238.1217361
2017-08-23,0.012246968,25.68285714,0,1.33037694,11.42857143,0.118231083,194.7038182,584.1114547,77.8815273,6.737244898,0.115272845,0.91922452,0.118231083,47.87625571,239.6800052
2017-08-24,0.012246968,25.32714286,0,1.33037694,11.09447005,0.117328555,167.9404068,503.8212204,67.17616272,7.400510204,0.133290281,1.082283973,0.117328555,54.17974485,241.2559121
2017-08-25,0.012246968,24.97142857,0,1.33037694,10.76036866,0.116426028,141.1769954,423.5309861,56.47079814,8.06377551,0.151307717,1.245343427,0.116426028,60.48323399,242.8497986
2017-08-26,0.012246968,24.61571429,0,1.33037694,10.42626728,0.1155235,114.4135839,343.2407518,45.76543357,8.727040816,0.169325153,1.40840288,0.1155235,66.78672313,244.4620131
2017-08-27,0.012314968,24.26,0,1.33037694,10.0921659,0.114620973,87.65017248,262.9505174,35.06006899,9.390306122,0.18734259,1.571462333,0.114620973,73.09021226,246.0929108
2017-08-28,0.012314968,23.83857143,0,1.33037694,9.758064516,0.113718446,60.88676103,182.6602831,24.35470441,10.05357143,0.205360026,1.734521787,0.113718446,79.3937014,248.0497758
2017-08-29,0.017013258,23.41714286,0,1.362052582,9.239631336,0.113718446,62.2249316,186.6747948,24.88997264,9.040816327,0.183661608,1.539236026,0.113718446,70.76566302,250.0339877
2017-08-30,0.017774518,22.99571429,0,1.393728223,8.721198157,0.113718446,63.56310218,190.6893065,25.42524087,8.028061224,0.16196319,1.343950266,0.113718446,62.13762464,252.0461752
2017-08-31,0.013008568,22.57428571,0,1.425403864,8.202764977,0.113718446,64.90127275,194.7038182,25.9605091,7.015306122,0.140264772,1.148664505,0.113718446,53.50958626,254.0869815
2017-09-01,0.021256628,22.15285714,0,1.457079506,7.684331797,0.113718446,66.23944332,198.71833,26.49577733,6.00255102,0.118566355,0.953378745,0.113718446,44.88154788,256.1570643
2017-09-02,0.025161953,21.73142857,0,1.488755147,7.165898618,0.113718446,67.57761389,202.7328417,27.03104556,4.989795918,0.096867937,0.758092985,0.113718446,36.2535095,258.257097
2017-09-03,0.016152633,21.31,0,1.520430789,6.647465438,0.113718446,68.91578447,206.7473534,27.56631379,3.977040816,0.075169519,0.562807224,0.113718446,27.62547112,260.3877679
2017-09-04,0.012246968,21.06,0,1.55210643,6.129032258,0.113718446,70.25395504,210.7618651,28.10158201,2.964285714,0.053471101,0.367521464,0.113718446,18.99743274,261.666491
2017-09-05,0.013299268,20.81,0,1.393728223,6.33640553,0.110108336,67.57761389,202.7328417,27.03104556,3.153061224,0.057401172,0.406502208,0.110108336,20.64741727,262.9563935
2017-09-06,0.019804743,20.56,0,1.235350016,6.543778802,0.106498227,64.90127275,194.7038182,25.9605091,3.341836735,0.061331242,0.445482953,0.106498227,22.29740179,264.257627
2017-09-07,0.018752528,20.31,0,1.076971809,6.751152074,0.102888118,62.2249316,186.6747948,24.88997264,3.530612245,0.065261313,0.484463698,0.102888118,23.94738632,265.5703457
2017-09-08,0.012247053,20.06,0,0.918593602,6.958525346,0.099278008,59.54859046,178.6457714,23.81943618,3.719387755,0.069191383,0.523444442,0.099278008,25.59737085,266.8947054
2017-09-09,0.012246968,19.81,0,0.760215394,7.165898618,0.095667899,56.87224932,170.6167479,22.74889973,3.908163265,0.073121454,0.562425187,0.095667899,27.24735538,268.2308643
2017-09-10,0.012246968,19.56,0,0.601837187,7.373271889,0.092057789,54.19590817,162.5877245,21.67836327,4.096938776,0.077051525,0.601405931,0.092057789,28.8973399,269.5789827
2017-09-11,0.012380928,19.85571429,0,0.44345898,7.580645161,0.08844768,51.51956703,154.5587011,20.60782681,4.285714286,0.080981595,0.640386676,0.08844768,30.54732443,267.9856494
2017-09-12,0.022052398,20.15142857,0,0.538485904,7.615207373,0.092057789,53.52682289,160.5804687,21.41072915,4.334183673,0.07893353,0.618343982,0.092057789,30.85395978,266.409008
2017-09-13,0.023733996,20.44714286,0,0.633512829,7.649769585,0.095667899,55.53407874,166.6022362,22.2136315,4.382653061,0.076885465,0.596301288,0.095667899,31.16059514,264.8487944
2017-09-14,0.014263381,20.74285714,0,0.728539753,7.684331797,0.099278008,57.5413346,172.6240038,23.01653384,4.431122449,0.0748374,0.574258594,0.099278008,31.46723049,263.3047483
2017-09-15,0.012510383,21.03857143,0,0.823566677,7.718894009,0.102888118,59.54859046,178.6457714,23.81943618,4.479591837,0.072789335,0.5522159,0.102888118,31.77386584,261.7766139
2017-09-16,0.012309568,21.33428571,0,0.918593602,7.753456221,0.106498227,61.55584632,184.667539,24.62233853,4.528061224,0.07074127,0.530173206,0.106498227,32.0805012,260.2641393
2017-09-17,0.012259868,21.63,0,1.013620526,7.788018433,0.110108336,63.56310218,190.6893065,25.42524087,4.576530612,0.068693205,0.508130512,0.110108336,32.38713655,258.7670766
2017-09-18,0.012393848,22.92,0,1.10864745,7.822580645,0.113718446,65.57035803,196.7110741,26.22814321,4.625,0.06664514,0.486087818,0.113718446,32.6937719,252.4107007
2017-09-19,0.012380928,22.99333333,0,0.981944884,7.396313364,0.113718446,66.23944332,198.71833,26.49577733,4.517857143,0.065288989,0.473882458,0.113718446,32.28245604,252.0576242
2017-09-20,0.012945668,23.06666667,0,0.855242319,6.970046083,0.113718446,66.90852861,200.7255858,26.76341144,4.410714286,0.063932838,0.461677098,0.113718446,31.87114017,251.7054143
2017-09-21,0.012946858,23.14,0,0.728539753,6.543778802,0.113718446,67.57761389,202.7328417,27.03104556,4.303571429,0.062576687,0.449471738,0.113718446,31.4598243,251.3540677
2017-09-22,0.012248158,23.21333333,0,0.601837187,6.117511521,0.113718446,68.24669918,204.7400975,27.29867967,4.196428571,0.061220536,0.437266378,0.113718446,31.04850843,251.0035809
2017-09-23,0.012246968,23.28666667,0,0.475134621,5.69124424,0.113718446,68.91578447,206.7473534,27.56631379,4.089285714,0.059864385,0.425061018,0.113718446,30.63719257,250.6539505
2017-09-24,0.012246968,23.36,0,0.348432056,5.264976959,0.113718446,69.58486975,208.7546093,27.8339479,3.982142857,0.058508234,0.412855658,0.113718446,30.2258767,250.3051731
2017-09-25,0.012246968,23.59571429,0,0.22172949,4.838709677,0.113718446,70.25395504,210.7618651,28.10158201,3.875,0.057152083,0.400650298,0.113718446,29.81456083,249.1898411
2017-09-26,0.012246968,23.83142857,0,0.380107697,4.52764977,0.112815918,69.58486975,208.7546093,27.8339479,3.831632653,0.058757323,0.415999986,0.112815918,29.57693641,248.0831769
2017-09-27,0.012246968,24.06714286,0,0.538485904,4.216589862,0.111913391,68.91578447,206.7473534,27.56631379,3.788265306,0.060362563,0.431349675,0.111913391,29.33931199,246.985071
2017-09-28,0.012246968,24.30285714,0,0.696864111,3.905529954,0.111010864,68.24669918,204.7400975,27.29867967,3.744897959,0.061967803,0.446699363,0.111010864,29.10168757,245.8954152
2017-09-29,0.012246968,24.53857143,0,0.855242319,3.594470046,0.110108336,67.57761389,202.7328417,27.03104556,3.701530612,0.063573043,0.462049051,0.110108336,28.86406315,244.8141028
2017-09-30,0.012246968,24.77428571,0,1.013620526,3.283410138,0.109205809,66.90852861,200.7255858,26.76341144,3.658163265,0.065178283,0.477398739,0.109205809,28.62643872,243.7410284
2017-10-01,0.012246968,25.01,0,1.171998733,2.97235023,0.108303282,66.23944332,198.71833,26.49577733,3.614795918,0.066783523,0.492748427,0.108303282,28.3888143,242.6760879
2017-10-02,0.012246968,25.24571429,0,1.33037694,2.661290323,0.107400754,65.57035803,196.7110741,26.22814321,3.571428571,0.068388763,0.508098116,0.107400754,28.15118988,241.6191784
2017-10-03,0.012246968,25.48142857,0,1.33037694,2.292626728,0.108303282,82.29749019,246.8924706,32.91899607,3.49744898,0.068471793,0.507942855,0.108303282,27.85403715,240.5701985
2017-10-04,0.012246968,25.71714286,0,1.33037694,1.923963134,0.109205809,99.02462234,297.073867,39.60984894,3.423469388,0.068554823,0.507787595,0.109205809,27.55688442,239.5290479
2017-10-05,0.012246968,25.95285714,0,1.33037694,1.555299539,0.110108336,115.7517545,347.2552635,46.3007018,3.349489796,0.068637852,0.507632334,0.110108336,27.25973168,238.4956278
2017-10-06,0.012246968,26.18857143,0,1.33037694,1.186635945,0.111010864,132.4788866,397.4366599,52.99155466,3.275510204,0.068720882,0.507477074,0.111010864,26.96257895,237.4698402
2017-10-07,0.012495338,26.42428571,0,1.33037694,0.81797235,0.111913391,149.2060188,447.6180564,59.68240752,3.201530612,0.068803912,0.507321814,0.111913391,26.66542622,236.4515888
2017-10-08,0.016972458,26.66,0,1.33037694,0.449308756,0.112815918,165.9331509,497.7994528,66.37326038,3.12755102,0.068886941,0.507166553,0.112815918,26.36827349,235.4407783
2017-10-09,0.028108478,25.76,0,1.33037694,0.080645161,0.113718446,182.6602831,547.9808493,73.06411324,3.053571429,0.068969971,0.507011293,0.113718446,26.07112076,239.3405813
2017-10-10,0.024184028,24.86,0,1.393728223,0.092165899,0.1155235,176.6385155,529.9155466,70.65540621,2.984693878,0.06833341,0.499477191,0.1155235,25.37635078,243.3528416
2017-10-11,0.020558353,23.96,0,1.457079506,0.103686636,0.117328555,170.6167479,511.8502438,68.24669918,2.915816327,0.067696849,0.49194309,0.117328555,24.6815808,247.4831561
2017-10-12,0.020768048,23.06,0,1.520430789,0.115207373,0.11913361,164.5949804,493.7849411,65.83799215,2.846938776,0.067060289,0.484408989,0.11913361,23.98681082,251.7373977
2017-10-13,0.013800683,22.16,0,1.583782072,0.126728111,0.120938665,158.5732128,475.7196384,63.42928512,2.778061224,0.066423728,0.476874888,0.120938665,23.29204084,256.1217306
2017-10-14,0.013038318,21.26,0,1.647133354,0.138248848,0.122743719,152.5514452,457.6543357,61.02057809,2.709183673,0.065787167,0.469340787,0.122743719,22.59727086,260.6426254
2017-10-15,0.012341968,20.36,0,1.710484637,0.149769585,0.124548774,146.5296776,439.5890329,58.61187106,2.640306122,0.065150607,0.461806685,0.124548774,21.90250088,265.3068757
2017-10-16,0.012637713,19.56,0,1.77383592,0.161290323,0.126353829,140.5079101,421.5237302,56.20316403,2.571428571,0.064514046,0.454272584,0.126353829,21.2077309,269.5789827
2017-10-17,0.012591856,19.31601818,0,1.868862844,0.161290323,0.130866465,166.6022362,499.8067087,66.64089449,2.681122449,0.066119286,0.464207108,0.130866465,22.09994887,270.9063349
2017-10-18,0.012296168,19.07203636,0,1.963889769,0.161290323,0.135379102,192.6965624,578.0896872,77.07862496,2.790816327,0.067724526,0.474141632,0.135379102,22.99216685,272.2453856
2017-10-19,0.012246968,18.82805455,0,2.058916693,0.161290323,0.139891739,218.7908885,656.3726656,87.51635542,2.900510204,0.069329766,0.484076156,0.139891739,23.88438482,273.59629
2017-10-20,0.012246968,18.58407273,0,2.153943617,0.161290323,0.144404376,244.8852147,734.6556441,97.95408588,3.010204082,0.070935006,0.49401068,0.144404376,24.77660279,274.9592054
2017-10-21,0.012246968,18.34009091,0,2.248970542,0.161290323,0.148917012,270.9795409,812.9386226,108.3918163,3.119897959,0.072540246,0.503945205,0.148917012,25.66882077,276.3342912
2017-10-22,0.012246968,18.09610909,0,2.343997466,0.161290323,0.153429649,297.073867,891.221601,118.8295468,3.229591837,0.074145486,0.513879729,0.153429649,26.56103874,277.7217088
2017-10-23,0.030256088,17.85212727,0,2.43902439,0.161290323,0.157942286,323.1681932,969.5045795,129.2672773,3.339285714,0.075750727,0.523814253,0.157942286,27.45325672,279.1216221
2017-10-24,0.030256088,17.60814545,0,2.343997466,0.161290323,0.153429649,297.7429523,893.2288569,119.0971809,3.119897959,0.071018036,0.485732674,0.153429649,25.57379384,280.5341969
2017-10-25,0.012246968,17.36416364,0,2.248970542,0.161290323,0.148917012,272.3177114,816.9531343,108.9270846,2.900510204,0.066285345,0.447651095,0.148917012,23.69433097,281.9596013
2017-10-26,0.012287168,17.12018182,0,2.153943617,0.161290323,0.144404376,246.8924706,740.6774117,98.75698822,2.681122449,0.061552655,0.409569516,0.144404376,21.8148681,283.3980058
2017-10-27,0.012287168,16.8762,0,2.058916693,0.161290323,0.139891739,221.4672297,664.4016891,88.58689188,2.461734694,0.056819964,0.371487937,0.139891739,19.93540523,284.8495831
2017-10-28,0.013605948,16.63221818,0,1.963889769,0.161290323,0.135379102,196.0419888,588.1259665,78.41679553,2.242346939,0.052087273,0.333406358,0.135379102,18.05594236,286.3145083
2017-10-29,0.018813728,16.38823636,0,1.868862844,0.161290323,0.130866465,170.6167479,511.8502438,68.24669918,2.022959184,0.047354583,0.29532478,0.130866465,16.17647949,287.7929588
2017-10-30,0.017454748,16.14425455,0,1.77383592,0.161290323,0.126353829,145.1915071,435.5745212,58.07660283,1.803571429,0.042621892,0.257243201,0.126353829,14.29701661,289.2851145
2017-10-31,0.012246968,15.90027273,0,1.77383592,0.161290323,0.133574047,145.8605924,437.5817771,58.34423695,1.724234694,0.042954011,0.25301205,0.133574047,13.582986,290.7911577
2017-11-01,0.012251388,15.65629091,0,1.77383592,0.161290323,0.140794266,146.5296776,439.5890329,58.61187106,1.644897959,0.043286129,0.248780899,0.140794266,12.86895539,292.3112731
2017-11-02,0.012251388,15.41230909,0,1.77383592,0.161290323,0.148014485,147.1987629,441.5962888,58.87950517,1.565561224,0.043618248,0.244549748,0.148014485,12.15492478,293.8456481
2017-11-03,0.012365798,15.16832727,0,1.77383592,0.161290323,0.155234704,147.8678482,443.6035447,59.14713929,1.48622449,0.043950367,0.240318597,0.155234704,11.44089417,295.3944724
2017-11-04,0.015595883,14.92434545,0,1.77383592,0.161290323,0.162454923,148.5369335,445.6108005,59.4147734,1.406887755,0.044282485,0.236087446,0.162454923,10.72686355,296.9579384
2017-11-05,0.015480113,14.68036364,0,1.77383592,0.161290323,0.169675141,149.2060188,447.6180564,59.68240752,1.32755102,0.044614604,0.231856295,0.169675141,10.01283294,298.5362413
2017-11-06,0.012581613,14.43638182,0,1.77383592,0.161290323,0.17689536,149.8751041,449.6253122,59.95004163,1.248214286,0.044946723,0.227625144,0.17689536,9.298802329,300.1295787
2017-11-07,0.013294763,14.1924,0,1.767500792,0.161290323,0.175270811,148.5369335,445.6108005,59.4147734,1.237959184,0.044786199,0.227804977,0.175270811,9.212841539,301.738151
2017-11-08,0.013463488,13.94841818,0,1.761165664,0.161290323,0.173646262,147.1987629,441.5962888,58.87950517,1.227704082,0.044625675,0.22798481,0.173646262,9.126880749,303.3621614
2017-11-09,0.014298273,13.70443636,0,1.754830535,0.161290323,0.172021712,145.8605924,437.5817771,58.34423695,1.21744898,0.044465151,0.228164643,0.172021712,9.040919958,305.0018157
2017-11-10,0.013797963,13.46045455,0,1.748495407,0.161290323,0.170397163,144.5224218,433.5672654,57.80896872,1.207193878,0.044304627,0.228344476,0.170397163,8.954959168,306.6573228
2017-11-11,0.012246968,13.21647273,0,1.742160279,0.161290323,0.168772614,143.1842512,429.5527537,57.27370049,1.196938776,0.044144103,0.228524309,0.168772614,8.868998378,308.3288942
2017-11-12,0.013522478,12.97249091,0,1.73582515,0.161290323,0.167148065,141.8460806,425.5382419,56.73843226,1.186683673,0.043983579,0.228704142,0.167148065,8.783037588,310.0167443
2017-11-13,0.013522478,12.72850909,0,1.729490022,0.161290323,0.165523516,140.5079101,421.5237302,56.20316403,1.176428571,0.043823055,0.228883976,0.165523516,8.697076798,311.7210907
2017-11-14,0.012246968,12.48452727,0,1.723154894,0.161290323,0.163898966,139.1697395,417.5092185,55.6678958,1.166173469,0.043662531,0.229063809,0.163898966,8.611116008,313.4421537
2017-11-15,0.012246968,12.24054545,0,1.716819766,0.161290323,0.162274417,137.8315689,413.4947068,55.13262757,1.155918367,0.043502007,0.229243642,0.162274417,8.525155218,315.1801568
2017-11-16,0.012246968,11.99656364,0,1.710484637,0.161290323,0.160649868,136.4933984,409.4801951,54.59735934,1.145663265,0.043341483,0.229423475,0.160649868,8.439194428,316.9353265
2017-11-17,0.012246968,11.75258182,0,1.704149509,0.161290323,0.159025319,135.1552278,405.4656834,54.06209111,1.135408163,0.043180959,0.229603308,0.159025319,8.353233638,318.7078924
2017-11-18,0.012246968,11.5086,0,1.697814381,0.161290323,0.157400769,133.8170572,401.4511716,53.52682289,1.125153061,0.043020435,0.229783141,0.157400769,8.267272848,320.4980873
2017-11-19,0.013093228,11.26461818,0,1.691479252,0.161290323,0.15577622,132.4788866,397.4366599,52.99155466,1.114897959,0.042859911,0.229962974,0.15577622,8.181312058,322.3061472
2017-11-20,0.013093228,11.02063636,0,1.685144124,0.161290323,0.154151671,131.1407161,393.4221482,52.45628643,1.104642857,0.042699387,0.230142808,0.154151671,8.095351268,324.1323113
2017-11-21,0.012246968,10.77665455,0,1.678808996,0.161290323,0.152527122,129.8025455,389.4076365,51.9210182,1.094387755,0.042538862,0.230322641,0.152527122,8.009390477,325.9768222
2017-11-22,0.012246968,10.53267273,0,1.672473868,0.161290323,0.150902572,128.4643749,385.3931248,51.38574997,1.084132653,0.042378338,0.230502474,0.150902572,7.923429687,327.8399256
2017-11-23,0.012246968,10.28869091,0,1.666138739,0.161290323,0.149278023,127.1262044,381.3786131,50.85048174,1.073877551,0.042217814,0.230682307,0.149278023,7.837468897,329.7218709
2017-11-24,0.012246968,10.04470909,0,1.659803611,0.161290323,0.147653474,125.7880338,377.3641013,50.31521351,1.063622449,0.04205729,0.23086214,0.147653474,7.751508107,331.6229108
2017-11-25,0.012246968,9.800727273,0,1.653468483,0.161290323,0.146028925,124.4498632,373.3495896,49.77994528,1.053367347,0.041896766,0.231041973,0.146028925,7.665547317,333.5433014
2017-11-26,0.012246968,9.556745455,0,1.647133354,0.161290323,0.144404376,123.1116926,369.3350779,49.24467705,1.043112245,0.041736242,0.231221806,0.144404376,7.579586527,335.4833025
2017-11-27,0.012246968,9.312763636,0,1.640798226,0.161290323,0.142779826,121.7735221,365.3205662,48.70940883,1.032857143,0.041575718,0.23140164,0.142779826,7.493625737,337.4431773
2017-11-28,0.012246968,9.068781818,0,1.634463098,0.161290323,0.141155277,120.4353515,361.3060545,48.1741406,1.022602041,0.041415194,0.231581473,0.141155277,7.407664947,339.4231928
2017-11-29,0.012246968,8.8248,0,1.62812797,0.161290323,0.139530728,119.0971809,357.2915428,47.63887237,1.012346939,0.04125467,0.231761306,0.139530728,7.321704157,341.4236196
2017-11-30,0.012246968,8.580818182,0,1.621792841,0.161290323,0.137906179,117.7590103,353.277031,47.10360414,1.002091837,0.041094146,0.231941139,0.137906179,7.235743367,343.4447321
2017-12-01,0.012246968,8.336836364,0,1.615457713,0.161290323,0.136281629,116.4208398,349.2625193,46.56833591,0.991836735,0.040933622,0.232120972,0.136281629,7.149782577,345.4868084
2017-12-02,0.012246968,8.092854545,0,1.609122585,0.161290323,0.13465708,115.0826692,345.2480076,46.03306768,0.981581633,0.040773098,0.232300805,0.13465708,7.063821787,347.5501306
2017-12-03,0.012246968,7.848872727,0,1.602787456,0.161290323,0.133032531,113.7444986,341.2334959,45.49779945,0.971326531,0.040612574,0.232480638,0.133032531,6.977860996,349.6349845
2017-12-04,0.012246968,7.604890909,0,1.596452328,0.161290323,0.131407982,112.4063281,337.2189842,44.96253122,0.961071429,0.04045205,0.232660472,0.131407982,6.891900206,351.74166
2017-12-05,0.012965303,7.360909091,0,1.5901172,0.161290323,0.129783433,111.0681575,333.2044725,44.427263,0.950816327,0.040291526,0.232840305,0.129783433,6.805939416,353.8704509
2017-12-06,0.013073848,7.116927273,0,1.583782072,0.161290323,0.128158883,109.7299869,329.1899607,43.89199477,0.940561224,0.040131002,0.233020138,0.128158883,6.719978626,356.0216552
2017-12-07,0.012355513,6.872945455,0,1.577446943,0.161290323,0.126534334,108.3918163,325.175449,43.35672654,0.930306122,0.039970478,0.233199971,0.126534334,6.634017836,358.1955749
2017-12-08,0.012344768,6.628963636,0,1.571111815,0.161290323,0.124909785,107.0536458,321.1609373,42.82145831,0.92005102,0.039809954,0.233379804,0.124909785,6.548057046,360.3925162
2017-12-09,0.016188563,6.384981818,0,1.564776687,0.161290323,0.123285236,105.7154752,317.1464256,42.28619008,0.909795918,0.03964943,0.233559637,0.123285236,6.462096256,362.6127895
2017-12-10,0.016494938,6.141,0,1.558441558,0.161290323,0.121660686,104.3773046,313.1319139,41.75092185,0.899540816,0.039488906,0.23373947,0.121660686,6.376135466,364.8567097
2017-12-11,0.013567857,6.039047619,0,1.55210643,0.161290323,0.120036137,103.0391341,309.1174022,41.21565362,0.889285714,0.039328382,0.233919304,0.120036137,6.290174676,365.801455
2017-12-12,0.014155746,5.937095238,0,1.563192905,0.314516129,0.117193176,102.1024147,306.307244,40.84096586,1.013571429,0.040016145,0.242952126,0.117193176,7.244433823,366.7504086
2017-12-13,0.01330357,5.835142857,0,1.574279379,0.467741935,0.114350215,101.1656953,303.4970858,40.4662781,1.137857143,0.040703907,0.251984948,0.114350215,8.198692971,367.7035941
2017-12-14,0.012590935,5.733190476,0,1.585365854,0.620967742,0.111507254,100.2289759,300.6869276,40.09159034,1.262142857,0.041391669,0.26101777,0.111507254,9.152952119,368.6610352
2017-12-15,0.012526347,5.631238095,0,1.596452328,0.774193548,0.108664293,99.29225645,297.8767694,39.71690258,1.386428571,0.042079432,0.270050593,0.108664293,10.10721127,369.622756
2017-12-16,0.012246968,5.529285714,0,1.607538803,0.927419355,0.105821331,98.35553705,295.0666112,39.34221482,1.510714286,0.042767194,0.279083415,0.105821331,11.06147041,370.5887804
2017-12-17,0.012716168,5.427333333,0,1.618625277,1.080645161,0.10297837,97.41881765,292.256453,38.96752706,1.635,0.043454956,0.288116237,0.10297837,12.01572956,371.5591326
2017-12-18,0.012716168,5.325380952,0,1.629711752,1.233870968,0.100135409,96.48209825,289.4462948,38.5928393,1.759285714,0.044142719,0.29714906,0.100135409,12.96998871,372.533837
2017-12-19,0.012246968,5.223428571,0,1.640798226,1.387096774,0.097292448,95.54537885,286.6361366,38.21815154,1.883571429,0.044830481,0.306181882,0.097292448,13.92424786,373.5129181
2017-12-20,0.012246968,5.12147619,0,1.651884701,1.540322581,0.094449487,94.60865945,283.8259784,37.84346378,2.007857143,0.045518243,0.315214704,0.094449487,14.878507,374.4964004
2017-12-21,0.012246968,5.01952381,0,1.662971175,1.693548387,0.091606526,93.67194005,281.0158201,37.46877602,2.132142857,0.046206006,0.324247527,0.091606526,15.83276615,375.4843087
2017-12-22,0.012730278,4.917571429,0,1.67405765,1.846774194,0.088763565,92.73522065,278.2056619,37.09408826,2.256428571,0.046893768,0.333280349,0.088763565,16.7870253,376.4766679
2017-12-23,0.014444728,4.815619048,0,1.685144124,2,0.085920603,91.79850125,275.3955037,36.7194005,2.380714286,0.047581531,0.342313171,0.085920603,17.74128445,377.4735031
2017-12-24,0.014186498,4.713666667,0,1.696230599,2.153225806,0.083077642,90.86178185,272.5853455,36.34471274,2.505,0.048269293,0.351345993,0.083077642,18.69554359,378.4748394
2017-12-25,0.012563678,4.611714286,0,1.707317073,2.306451613,0.080234681,89.92506245,269.7751873,35.97002498,2.629285714,0.048957055,0.360378816,0.080234681,19.64980274,379.4807022
2017-12-26,0.012338568,4.509761905,0,1.718403548,2.459677419,0.07739172,88.98834305,266.9650291,35.59533722,2.753571429,0.049644818,0.369411638,0.07739172,20.60406189,380.4911169
2017-12-27,0.012246968,4.407809524,0,1.729490022,2.612903226,0.074548759,88.05162365,264.1548709,35.22064946,2.877857143,0.05033258,0.37844446,0.074548759,21.55832104,381.5061092
2017-12-28,0.012246968,4.305857143,0,1.740576497,2.766129032,0.071705798,87.11490425,261.3447127,34.8459617,3.002142857,0.051020342,0.387477283,0.071705798,22.51258019,382.5257048
2017-12-29,0.012246968,4.203904762,0,1.751662971,2.919354839,0.068862837,86.17818485,258.5345545,34.47127394,3.126428571,0.051708105,0.396510105,0.068862837,23.46683933,383.5499296
2017-12-30,0.012246968,4.101952381,0,1.762749446,3.072580645,0.066019875,85.24146545,255.7243963,34.09658618,3.250714286,0.052395867,0.405542927,0.066019875,24.42109848,384.5788097
2017-12-31,0.012246968,4,0,1.77383592,3.225806452,0.063176914,84.30474604,252.9142381,33.72189842,3.375,0.053083629,0.41457575,0.063176914,25.37535763,385.6123714
