time,ShortWave,LongWave,AirTemp,RelHum,Wind,Rain
2016-07-01 00:00,0,358.75,21.35,90.07285148,3.030775421,0
2016-07-01 01:00,0,358.6900024,20.98000488,90.59385819,3.182106166,0
2016-07-01 02:00,0,358.6900024,20.76000366,91.71800412,3.067523415,0
2016-07-01 03:00,0,358.6900024,20.55001221,92.8026927,2.963393278,0
2016-07-01 04:00,0,374.0700073,20.33001099,93.95811817,2.877585713,0
2016-07-01 05:00,0,374.0499878,21.08999023,93.14037472,2.440430211,0
2016-07-01 06:00,97.27200317,374.0400085,21.85,92.22310966,2.049999984,0
2016-07-01 07:00,279.6560059,377.9500122,22.61998901,91.1610061,1.73807361,0
2016-07-01 08:00,435.4400024,377.9299927,24.08001099,84.04254474,1.952050227,0
2016-07-01 09:00,605.1890259,377.8999939,25.52999268,77.59865863,2.160092581,0
2016-07-01 10:00,748.0150146,393.9500122,26.99001465,71.66878963,2.374068192,0
2016-07-01 11:00,848.2919922,393.9500122,27.64000854,67.53706357,2.488875258,0
2016-07-01 12:00,882.5560303,393.9400024,28.29000244,63.62564013,2.604496207,0
2016-07-01 13:00,838.9780273,416.5299988,28.93999634,59.9229849,2.720827064,0
2016-07-01 14:00,801.5189819,416.5299988,29.00002441,58.90464817,2.930273064,0
2016-07-01 15:00,707.7399902,416.5299988,29.07000122,57.86000263,3.251891824,0
2016-07-01 16:00,600.2020264,403.6900024,29.14000854,56.82385175,3.640027587,0
2016-07-01 17:00,413.4719849,403.7000122,28.46999512,63.46708411,2.994828886,0
2016-07-01 18:00,259.0820007,403.7000122,27.80001221,70.55700681,2.351361451,0
2016-07-01 19:00,55.72800064,369.3399963,27.12999878,78.12252505,1.700117691,0
2016-07-01 20:00,0,369.3800049,25.33001099,77.99694068,2.407073027,0
2016-07-01 21:00,0,369.4200134,23.54000244,76.89341528,3.131549086,0
2016-07-01 22:00,0,344.3599854,21.74001465,74.66411498,3.868074468,0
2016-07-01 23:00,0,344.3699951,21.08999023,75.73517625,3.845751004,0
2016-07-02 00:00,0,344.3800049,20.42998657,76.83424346,3.827701641,0
2016-07-02 01:00,0,334.4299927,19.77999268,77.85869904,3.823741708,0
2016-07-02 02:00,0,334.4400024,19.24001465,78.89775508,3.586655869,0
2016-07-02 03:00,0,334.4500122,18.70998535,79.88003707,3.354176501,0
2016-07-02 04:00,0,332.3599854,18.17998657,80.84542817,3.117338567,0
2016-07-02 05:00,0,332.3399963,19.33999023,79.5215557,2.893803745,0
2016-07-02 06:00,106.3440018,332.3200073,20.51000366,77.98352395,2.69432745,0
2016-07-02 07:00,284.0960083,362.1799927,21.67000732,76.36296523,2.5176576,0
2016-07-02 08:00,442.9920044,362.1499939,23.05999146,73.68081427,1.788994111,0
2016-07-02 09:00,616.1400146,362.1300049,24.45998535,70.94542004,1.05475112,0
2016-07-02 10:00,754.7639771,392.2600098,25.85,68.26708084,0.331209894,0
2016-07-02 11:00,856.1870117,392.2399902,26.79000244,66.59086571,0.360000014,0
2016-07-02 12:00,890.947998,392.230011,27.73000488,64.91957461,1.012719112,0
2016-07-02 13:00,894.335022,411.0799866,28.67000732,63.25777065,1.680743858,0
2016-07-02 14:00,854.5159912,411.0700073,29.02999268,63.32757909,2.297324538,0
2016-07-02 15:00,754.6069946,411.0599976,29.39998779,63.33221651,2.917704498,0
2016-07-02 16:00,335.6359863,441.75,29.76000366,63.3493197,3.538997114,0
2016-07-02 17:00,231.2220001,441.7600098,28.73000488,70.1977067,3.224484435,0.0081792
2016-07-02 18:00,144.8549957,441.769989,27.7000061,77.68268423,2.951948414,0.340243195
2016-07-02 19:00,41.61600113,420.1199951,26.67998657,85.8128075,2.724848668,0
2016-07-02 20:00,0,420.1400146,25.68999634,87.90413665,2.827189562,0
2016-07-02 21:00,0,420.1600037,24.7000061,89.97142086,3.200281201,0
2016-07-02 22:00,0,412.7399902,23.70998535,92.00247545,3.775725096,0.001056
2016-07-02 23:00,0,412.75,23.29000244,93.39075467,3.514612345,0.0054528
2016-07-03 00:00,0,412.7600098,22.86998901,94.79780933,3.270978428,0.0214656
2016-07-03 01:00,0,402.5799866,22.4500061,96.22388786,3.049016207,0
2016-07-03 02:00,0,402.5899963,22.07000122,96.50958054,2.989648827,0.0006336
2016-07-03 03:00,0,402.5899963,21.67998657,96.82324736,2.923850278,0.0000768
2016-07-03 04:00,0,383.2799988,21.30001221,97.04085872,2.870626995,0
2016-07-03 05:00,0,383.2799988,21.58001099,95.89740146,3.03145179,0
2016-07-03 06:00,96.95999908,383.269989,21.86000977,94.76875136,3.220465902,0
2016-07-03 07:00,149.776001,394.3200073,22.14000854,93.65171636,3.432855923,0.0218112
2016-07-03 08:00,233.9199982,394.3200073,22.17998657,93.61281611,3.680244474,0.005664
2016-07-03 09:00,325.5859985,394.3200073,22.2300354,93.51740045,3.932429385,0
2016-07-03 10:00,271.9609985,412.8800049,22.27999268,93.41994284,4.196403297,0
2016-07-03 11:00,308.5880127,412.8800049,22.43999634,92.09513532,4.041002358,0
2016-07-03 12:00,321.196991,412.8699951,22.6,90.79060224,3.907019257,0
2016-07-03 13:00,496.9859924,406.9500122,22.76000366,89.5025458,3.772227562,0.001104
2016-07-03 14:00,474.9150085,406.9400024,23.29000244,87.49334638,2.994878897,0.001104
2016-07-03 15:00,419.427002,406.9299927,23.82000122,85.53143006,2.24517259,0
2016-07-03 16:00,393.5780029,415.3299866,24.35,83.61732593,1.55080629,0
2016-07-03 17:00,271.1080017,415.3299866,24.23000488,85.42445751,1.624961511,0
2016-07-03 18:00,169.802002,415.3299866,24.11000977,87.25250004,1.743932447,0
2016-07-03 19:00,55.2159996,380.7000122,23.99001465,89.10221942,1.891877406,0
2016-07-03 20:00,0,380.730011,22.36998901,92.74854892,1.974968502,0
2016-07-03 21:00,0,380.7600098,20.74001465,96.36624381,2.219999919,0
2016-07-03 22:00,0,377.8599854,19.11000977,99.82957825,2.581259375,0
2016-07-03 23:00,0,377.8699951,18.89998779,100,2.46465018,0
2016-07-04 00:00,0,377.8699951,18.67998657,100,2.353083088,0
2016-07-04 01:00,0,393.6600037,18.46999512,100,2.236470386,0.001824
2016-07-04 02:00,0,393.6600037,18.6300293,100,2.289737925,0.028819199
2016-07-04 03:00,0,393.6499939,18.80001221,100,2.358474136,0.013632
2016-07-04 04:00,0,398.3900146,18.97002563,100,2.431892229,0.0200448
2016-07-04 05:00,0,398.3900146,19.17998657,99.16392027,2.798517364,0.0110208
2016-07-04 06:00,57.20800018,398.3800049,19.39998779,97.0474013,3.181352027,0.0130368
2016-07-04 07:00,136.9440002,403.3200073,19.61998901,94.97080365,3.559831527,0.034751999
2016-07-04 08:00,214.223999,403.2999878,20.36998901,94.48390942,3.664000628,0.0190272
2016-07-04 09:00,298.4110107,403.2799988,21.12005005,93.86594341,3.875874107,0.0024
2016-07-04 10:00,426.5549927,411.2900085,21.87999878,93.0779523,4.187242638,0.0063168
2016-07-04 11:00,484.1650085,411.269989,22.71999512,92.29070823,3.86194262,0.022444799
2016-07-04 12:00,504.0329895,411.25,23.56005249,91.37607262,3.61072025,0.090374399
2016-07-04 13:00,759.5369873,423.2799988,24.39998779,90.35099024,3.428118916,0
2016-07-04 14:00,725.8670044,423.25,25.93999634,86.05043509,3.702175094,0
2016-07-04 15:00,641.1110229,423.2200012,27.49004517,81.84168489,4.020795922,0
2016-07-04 16:00,533.4420166,434.7399902,29.04000244,77.78926804,4.374254128,0.0005568
2016-07-04 17:00,367.4320068,434.75,28.49001465,81.28673505,4.18226023,0.00144
2016-07-04 18:00,230.0480042,434.75,27.94002686,84.9395275,3.984068292,0.0796224
2016-07-04 19:00,62.59199905,412.7999878,27.3800293,88.80652278,3.790211038,0.003456
2016-07-04 20:00,0,412.8099976,26.73000488,90.81086108,3.900461606,0.0103968
2016-07-04 21:00,0,412.8200073,26.08001099,92.85343849,4.001012372,0.0116736
2016-07-04 22:00,0,430.980011,25.42000732,94.98987069,4.111471889,0.137961605
2016-07-04 23:00,0,430.980011,25.26003418,95.49850875,3.384154171,0.014649601
2016-07-05 00:00,0,430.980011,25.09005127,96.06706921,3.3626478,0.0046848
2016-07-05 01:00,0,414.769989,24.92000732,96.6373442,4.051135711,0.0003456
2016-07-05 02:00,0,414.769989,24.62005005,94.92793954,3.886244969,0
2016-07-05 03:00,0,414.7799988,24.33001099,93.0700223,3.711711127,0
2016-07-05 04:00,0,422.6300049,24.02999268,91.17300687,3.539858834,0.0055488
2016-07-05 05:00,0,422.6199951,24.48000488,89.71554911,3.361086028,0.031228801
2016-07-05 06:00,54.04000092,422.6099854,24.93999634,88.22672075,3.231485632,0.0019104
2016-07-05 07:00,162.9680023,427.0899963,25.39000854,86.81065751,3.148205816,0.0000192
2016-07-05 08:00,255.3600006,427.0799866,26.1,83.79775215,3.644077325,0.0102432
2016-07-05 09:00,356.0020142,427.0599976,26.80999146,80.90441926,4.266907439,0.0171744
2016-07-05 10:00,697.375,416.6700134,27.51000366,78.1697463,4.963970037,0
2016-07-05 11:00,791.822998,416.6499939,28.52004395,72.62734139,5.371415216,0
2016-07-05 12:00,824.5239868,416.6400146,29.52001343,67.53246504,5.820137627,0
2016-07-05 13:00,876.2210083,424.4400024,30.52001343,62.80863658,6.294029125,0
2016-07-05 14:00,837.4719849,424.4400024,30.74004517,62.28746018,6.141831841,0
2016-07-05 15:00,739.7089844,424.4299927,30.95998535,61.77281233,6.011198113,0
2016-07-05 16:00,649.3909912,414.480011,31.17003784,61.29531235,5.882941326,0
2016-07-05 17:00,447.2229919,414.5,30.2000061,66.0651155,4.960987615,0
2016-07-05 18:00,279.8619995,414.5100098,29.21999512,71.24922451,4.039715546,0
2016-07-05 19:00,58.60800171,397.3099976,28.24001465,76.8445894,3.117771535,0
2016-07-05 20:00,0,397.3399963,26.67998657,78.80375553,3.168122587,0
2016-07-05 21:00,0,397.3699951,25.11000977,80.55454169,3.367283923,0
2016-07-05 22:00,0,377.2099915,23.55001221,81.92694006,3.695794961,0
2016-07-05 23:00,0,377.2200012,23.10003052,83.2310827,3.600347237,0
2016-07-06 00:00,0,377.230011,22.64000854,84.60752005,3.547520198,0
2016-07-06 01:00,0,376.7600098,22.19002686,85.94771279,3.51262021,0
2016-07-06 02:00,0,376.769989,21.75002441,87.40866262,3.453925204,0
2016-07-06 03:00,0,376.7799988,21.30004272,88.94451053,3.398720274,0
2016-07-06 04:00,0,373.9100037,20.86000977,90.45279787,3.337319246,0
2016-07-06 05:00,0,373.8900146,21.58001099,88.73310848,3.059428003,0
2016-07-06 06:00,75.91999817,373.8800049,22.30999146,86.96126536,2.801142576,0
2016-07-06 07:00,159.9279938,416.4500122,23.04000244,85.19164833,2.592624096,0
2016-07-06 08:00,251.0240021,416.4299927,23.90999756,83.67654557,2.900000095,0
2016-07-06 09:00,350.2550049,416.4200134,24.77001343,82.16668514,3.265838339,0
2016-07-06 10:00,467.3880005,426.230011,25.64003906,80.57418053,3.670490357,0
2016-07-06 11:00,530.8499756,426.2200012,26.11000977,78.69348405,4.164252768,0.0002976
2016-07-06 12:00,552.8720093,426.2099915,26.57000122,76.9070825,4.678985025,0.0022272
2016-07-06 13:00,626.9899902,427.3200073,27.02999268,75.16726355,5.19391935,0.0003744
2016-07-06 14:00,599.3070068,427.3099976,27.71004639,73.87563389,4.738649387,0
2016-07-06 15:00,529.3779907,427.2900085,28.39000854,72.58341401,4.421639975,0
2016-07-06 16:00,638.4699707,399.9899902,29.05999146,71.33496927,4.290011617,0
2016-07-06 17:00,439.6119995,399.9899902,28.55004272,76.33598453,3.600347237,0
2016-07-06 18:00,274.9400024,400,28.04003296,81.58159908,2.911391309,0
2016-07-06 19:00,55.18399811,380.5899963,27.52999268,87.08104887,2.214723453,0
2016-07-06 20:00,0,380.6099854,26.20998535,87.36830064,2.722149904,0
2016-07-06 21:00,0,380.6400146,24.89000854,87.1832703,3.224903123,0
2016-07-06 22:00,0,374.9100037,23.57000122,86.43504088,3.733108695,0
2016-07-06 23:00,0,374.9100037,23.29000244,86.68277647,3.57259013,0
2016-07-07 00:00,0,374.9200134,23.01000366,86.91715408,3.518891862,0
2016-07-07 01:00,0,373.8200073,22.73000488,87.13758352,3.567211748,0
2016-07-07 02:00,0,373.8200073,22.54000244,87.60729811,3.674085013,0
2016-07-07 03:00,0,373.8200073,22.35,88.07578401,3.781877842,0
2016-07-07 04:00,0,374.4299927,22.15999756,88.54772853,3.889087204,0
2016-07-07 05:00,0,374.4100037,23.04000244,86.58836036,4.175416243,0
2016-07-07 06:00,99.20800018,374.3999939,23.92998657,84.57054104,4.455390052,0
2016-07-07 07:00,258.9519958,385.6199951,24.80999146,82.60425294,4.748262612,0
2016-07-07 08:00,407.2160034,385.6000061,25.79000244,77.81611092,4.351781396,0.0000192
2016-07-07 09:00,568.6619873,385.5899963,26.76000366,73.38147263,4.0557244,0.0019584
2016-07-07 10:00,566.9160156,413.5799866,27.74001465,69.18860244,3.874854772,0
2016-07-07 11:00,644.1010132,413.5700073,28.11998901,68.84497849,3.874183729,0
2016-07-07 12:00,670.9829712,413.5599976,28.4999939,68.48727026,3.945072837,0.0002688
2016-07-07 13:00,597.5570068,438.1499939,28.87999878,68.1160593,4.072959606,0.040358399
2016-07-07 14:00,571.2550049,438.1499939,29.07000122,65.92698173,3.993995529,0.000384
2016-07-07 15:00,504.57901,438.1400146,29.2499939,63.81574252,4.217700936,0
2016-07-07 16:00,447.6380005,422.6700134,29.43999634,61.7057253,4.701063519,0.0000576
2016-07-07 17:00,308.1369934,422.6799927,28.35,66.08886662,4.329723026,0.0000576
2016-07-07 18:00,192.5740051,422.7000122,27.26003418,70.81758918,3.998249675,0
2016-07-07 19:00,41.9679985,398.0700073,26.17998657,75.87602832,3.704875105,0
2016-07-07 20:00,0,398.1000061,24.74001465,79.91807007,3.864776737,0
2016-07-07 21:00,0,398.1199951,23.30001221,84.15002811,4.03133983,0
2016-07-07 22:00,0,364.3800049,21.86000977,88.57612311,4.223552975,0
2016-07-07 23:00,0,364.3900146,21.42003784,89.91722777,3.998512196,0
2016-07-08 00:00,0,364.3999939,20.98000488,91.27319059,3.783450877,0
2016-07-08 01:00,0,355.5299988,20.55001221,92.58604379,3.556472994,0
2016-07-08 02:00,0,355.5299988,20.39998779,93.00431397,3.729932938,0
2016-07-08 03:00,0,355.5400085,20.26000366,93.36462434,3.907492862,0
2016-07-08 04:00,0,358.7799988,20.11998901,93.72585984,4.07492327,0
2016-07-08 05:00,0,358.7600098,21.18999634,91.13367021,3.70448365,0
2016-07-08 06:00,97.36000061,358.75,22.2499939,88.58939711,3.364758569,0
2016-07-08 07:00,261.3120117,393.8800049,23.32000122,85.99296545,3.094010292,0
2016-07-08 08:00,411.6960144,393.8500061,24.9999939,82.26836644,3.578155894,0
2016-07-08 09:00,575.4439697,393.8200073,26.67998657,78.55841747,4.074432647,0
2016-07-08 10:00,717.65802,424.75,28.36000977,74.89903069,4.590098191,0
2016-07-08 11:00,815.6339722,424.730011,29.48000488,71.33308294,4.911231872,0
2016-07-08 12:00,849.8519897,424.7099915,30.6,67.95404983,5.235971753,0
2016-07-08 13:00,887.9240112,427.6400146,31.71999512,64.75362515,5.562993988,0
2016-07-08 14:00,848.8759766,427.6400146,31.86000977,64.23653586,5.628543214,0
2016-07-08 15:00,749.8319702,427.6400146,32.00002441,63.72542403,5.694646666,0
2016-07-08 16:00,337.4989929,441.6900024,32.12999878,63.25485202,5.762222022,0.0118848
2016-07-08 17:00,232.2519989,441.7200012,30.57000122,67.45208665,5.467174811,0.068659201
2016-07-08 18:00,145.022995,441.75,28.9999939,71.99587705,5.209990256,0.066988798
2016-07-08 19:00,35.95199966,398.1600037,27.43004761,76.8750531,5.00624598,0.0000384
2016-07-08 20:00,0,398.1900024,25.90999756,79.61992621,4.827338662,0
2016-07-08 21:00,0,398.2200012,24.37999878,82.32902451,4.656114079,0.0027072
2016-07-08 22:00,0,369.4200134,22.85,84.90821723,4.487593803,0.007776
2016-07-08 23:00,0,369.4299927,22.36000977,85.65744778,4.501610828,0
2016-07-09 00:00,0,369.4400024,21.86998901,86.38216197,4.516691076,0
2016-07-09 01:00,0,356.4299927,21.37999878,87.08203179,4.52726171,0
2016-07-09 02:00,0,356.4400024,21.08999023,88.62455115,4.446234381,0
2016-07-09 03:00,0,356.4400024,20.80999146,90.14362631,4.369553778,0
2016-07-09 04:00,0,356.1799927,20.52001343,91.74724989,4.317001074,0
2016-07-09 05:00,0,356.1700134,21.47002563,90.48697212,4.208800195,0
2016-07-09 06:00,103.1999969,356.1499939,22.42000732,89.10638109,4.11059627,0
2016-07-09 07:00,270.0880127,383.7999878,23.36004028,87.6801973,4.012630115,0
2016-07-09 08:00,426.3680115,383.7799988,24.79000244,81.68436578,4.34430664,0
2016-07-09 09:00,596.4959717,383.7600098,26.21999512,76.1498832,4.684367607,0
2016-07-09 10:00,723.8709717,405.0899963,27.64000854,71.07894217,5.029612265,0.0005664
2016-07-09 11:00,822.9840088,405.0700073,28.6,66.54469926,5.320244402,0
2016-07-09 12:00,857.7069702,405.0599976,29.56005249,62.31767486,5.636000527,0
2016-07-09 13:00,710.460022,423.9299927,30.51003418,58.40991089,5.976294649,0
2016-07-09 14:00,679.2639771,423.9400024,30.27999268,58.25171582,5.999099985,0
2016-07-09 15:00,599.9949951,423.9400024,30.05001221,58.08056173,6.036704229,0
2016-07-09 16:00,562.6920166,412.0700073,29.80999146,57.92827842,6.085597819,0
2016-07-09 17:00,387.0780029,412.0799866,28.87005005,61.39891698,5.640363521,0
2016-07-09 18:00,241.4669952,412.1000061,27.92000732,65.14196491,5.202547505,0
2016-07-09 19:00,55.59999847,362.1700134,26.96999512,69.13752254,4.777656335,0.000576
2016-07-09 20:00,0,362.2099915,25.01003418,70.9550501,4.629438379,0
2016-07-09 21:00,0,362.25,23.04003296,72.32269091,4.489866298,0
2016-07-09 22:00,0,337.4899902,21.0800415,72.97495235,4.35157449,0
2016-07-09 23:00,0,337.5,20.57000122,75.45745398,4.340656663,0
2016-07-10 00:00,0,337.5,20.07003174,77.98353247,4.351149226,0
2016-07-10 01:00,0,332.6600037,19.56005249,80.65207584,4.399454376,0
2016-07-10 02:00,0,332.6600037,19.12999878,82.24474823,4.126657367,0
2016-07-10 03:00,0,332.6700134,18.7000061,83.86696625,3.860686509,0
2016-07-10 04:00,0,332.3800049,18.27001343,85.52786325,3.588983108,0
2016-07-10 05:00,0,332.3599854,19.30999146,84.52742089,3.456154024,0
2016-07-10 06:00,100.9440002,332.3399963,20.33999023,83.4029182,3.316157305,0
2016-07-10 07:00,270,351.3999939,21.37999878,82.07743552,3.184540798,0
2016-07-10 08:00,427.0880127,351.3800049,22.80999146,78.44269794,2.998266174,0
2016-07-10 09:00,598.0759888,351.3500061,24.2499939,74.86212452,2.835348392,0
2016-07-10 10:00,741.776001,377.7099915,25.67998657,71.43974596,2.692359639,0
2016-07-10 11:00,843.6060181,377.6900024,26.65999756,66.72418207,2.706510602,0
2016-07-10 12:00,879.3859863,377.6799927,27.64998779,62.30107395,2.742735859,0
2016-07-10 13:00,923.0980225,388.2799988,28.64000854,58.19119719,2.811778886,0
2016-07-10 14:00,882.617981,388.2799988,28.77004395,57.99318481,2.104875312,0
2016-07-10 15:00,779.5830078,388.2799988,28.89998779,57.79435618,1.516443196,0
2016-07-10 16:00,664.5369873,385.7399902,29.04000244,57.56245073,1.251598987,0
2016-07-10 17:00,456.9609985,385.7399902,28.27004395,63.97780138,0.760065777,0
2016-07-10 18:00,284.7479858,385.75,27.4999939,70.87411975,0.32649655,0
2016-07-10 19:00,51.31200027,361.6099854,26.73000488,78.28718607,0.358468972,0
2016-07-10 20:00,0,361.6300049,25.73000488,74.93030116,0.623698642,0
2016-07-10 21:00,0,361.6600037,24.71999512,70.92848879,0.909725225,0
2016-07-10 22:00,0,350.5599976,23.71999512,66.10802267,1.20066646,0
2016-07-10 23:00,0,350.5700073,23.36000977,66.81059576,0.790759136,0
2016-07-11 00:00,0,350.5700073,22.9999939,67.51725665,0.38418746,0
2016-07-11 01:00,0,346.6199951,22.64000854,68.22523572,0.09899495,0
2016-07-11 02:00,0,346.6300049,22.1,69.46407902,0.509901958,0
2016-07-11 03:00,0,346.6400146,21.57003174,70.67218479,0.936215802,0
2016-07-11 04:00,0,339.9899902,21.04003296,71.89379173,1.363084721,0
2016-07-11 05:00,0,339.980011,21.69002686,71.93752932,1.332253688,0
2016-07-11 06:00,97.09600067,339.9700012,22.35,71.83508916,1.400000083,0
2016-07-11 07:00,251.5599976,382.8699951,23.01000366,71.64074729,1.562625945,0
2016-07-11 08:00,398.7359924,382.8500061,24.27999268,70.79389053,1.385388215,0
2016-07-11 09:00,558.9249878,382.8200073,25.54003296,69.76571287,1.209049211,0
2016-07-11 10:00,733.8619995,399.7099915,26.80001221,68.55998441,1.034069652,0
2016-07-11 11:00,834.8930054,399.6900024,27.83001099,67.20836934,1.096585652,0
2016-07-11 12:00,870.4860229,399.6700134,28.86000977,65.80771028,1.181524387,0
2016-07-11 13:00,885.5109863,419.1099854,29.87999878,64.40680911,1.282497773,0
2016-07-11 14:00,846.7089844,419.1000061,30.18999634,63.99688813,1.600156276,0
2016-07-11 15:00,747.8220215,419.1000061,30.51000366,63.54727161,1.952562393,0
2016-07-11 16:00,627.4089966,414.0599976,30.82000122,63.13221231,2.311730992,0
2016-07-11 17:00,431.2380066,414.0700073,29.96999512,68.74397901,2.127768737,0
2016-07-11 18:00,268.4060059,414.0799866,29.11998901,74.78078882,1.94586739,0
2016-07-11 19:00,48.9280014,382.8699951,28.27001343,81.27311129,1.780589782,0
2016-07-11 20:00,0,382.8999939,26.77001343,82.41660289,1.973651467,0
2016-07-11 21:00,0,382.9299927,25.27001343,83.14905466,2.190205527,0
2016-07-11 22:00,0,371.9100037,23.77004395,83.3708761,2.40674063,0
2016-07-11 23:00,0,371.9100037,23.58001099,83.18312353,2.079639326,0
2016-07-12 00:00,0,371.9200134,23.40004883,82.93224222,1.843610583,0
2016-07-12 01:00,0,363.3500061,23.21999512,82.66509211,1.708478813,0
2016-07-12 02:00,0,363.3500061,22.83999023,83.59416426,1.82043949,0
2016-07-12 03:00,0,363.3599854,22.45998535,84.52703922,1.920025999,0
2016-07-12 04:00,0,362.3800049,22.07003174,85.5146067,2.02089092,0
2016-07-12 05:00,0,362.3699951,22.77004395,85.46439392,1.672602771,0
2016-07-12 06:00,92.73600006,362.3500061,23.46004639,85.33615004,1.322308591,0
2016-07-12 07:00,268.6000061,387.3500061,24.15999756,85.03999584,0.990201986,0
2016-07-12 08:00,426.6719971,387.3200073,25.46999512,79.76025655,1.170683553,0
2016-07-12 09:00,598.6740112,387.2999878,26.79003296,74.8043463,1.428635658,0
2016-07-12 10:00,705.4609985,417.2200012,28.1,70.23712454,1.725253572,0
2016-07-12 11:00,802.8579712,417.2099915,28.74001465,67.15605839,2.435774989,0
2016-07-12 12:00,837.2329712,417.2000122,29.37999878,64.21609047,3.166212328,0.0000192
2016-07-12 13:00,545.8099976,443.2000122,30.02001343,61.41389254,3.890822504,0
2016-07-12 14:00,521.8980103,443.2099915,29.30999146,65.05382609,3.707856507,0.024806399
2016-07-12 15:00,460.9150085,443.2200012,28.6,68.9045528,3.555348067,0.316847992
2016-07-12 16:00,354.0209961,427.5799866,27.89000854,72.98061324,3.408460055,0.0007776
2016-07-12 17:00,243.2160034,427.5899963,27.55999146,76.45215608,2.939932012,0.0054528
2016-07-12 18:00,151.1759949,427.5899963,27.24001465,79.98848346,2.467893734,0.0012096
2016-07-12 19:00,33.00799942,417.6199951,26.92000732,83.63398155,1.999124795,0.0002112
2016-07-12 20:00,0,417.6400146,26.17998657,82.37392076,1.95726856,0
2016-07-12 21:00,0,417.6600037,25.43999634,80.84595621,1.91436673,0
2016-07-12 22:00,0,400.6000061,24.70998535,78.98044294,1.875233317,0
2016-07-12 23:00,0,400.6099854,24.17000732,80.59272632,1.85396872,0
2016-07-13 00:00,0,400.6199951,23.6300293,82.23506344,2.423984408,0
2016-07-13 01:00,0,376.5499878,23.09005127,83.90934287,3.291200306,0
2016-07-13 02:00,0,376.5599976,22.68999634,84.4375821,3.188636029,0
2016-07-13 03:00,0,376.5599976,22.30001221,84.89539356,3.090323596,0
2016-07-13 04:00,0,393.5,21.89998779,85.38432633,3.008537877,0
2016-07-13 05:00,0,393.4899902,22.55999146,85.03686927,3.250369255,0
2016-07-13 06:00,74.11199951,393.4700012,23.21999512,84.59692469,3.483102146,0
2016-07-13 07:00,248.9199982,400.0499878,23.87999878,84.07552669,3.728283879,0
2016-07-13 08:00,396.2879944,400.019989,25.23000488,80.76609991,3.674465899,0
2016-07-13 09:00,556.5910034,399.9899902,26.58999023,77.47831965,3.631225731,0
2016-07-13 10:00,716.9819946,422.3099976,27.93999634,74.31560758,3.596845955,0
2016-07-13 11:00,816.2420044,422.2999878,28.65999756,70.35170426,3.640782916,0
2016-07-13 12:00,851.3839722,422.2900085,29.37999878,66.60331669,3.69139532,0
2016-07-13 13:00,551.5739746,433.5599976,30.10003052,63.05803428,3.753664943,0.0019776
2016-07-13 14:00,527.4190063,433.5599976,29.71999512,65.53766778,4.028548165,0.014745601
2016-07-13 15:00,465.7640076,433.5599976,29.33001099,68.1386783,4.294240349,0.002016
2016-07-13 16:00,461.5920105,423.2099915,28.9500061,70.78737387,4.570306563,0
2016-07-13 17:00,316.9309998,423.2099915,28.52001343,74.67738093,3.616863196,0.0000192
2016-07-13 18:00,196.7030029,423.2099915,28.08999023,78.72510955,2.67421024,0
2016-07-13 19:00,48.65599823,386.4400024,27.65999756,82.93519926,1.756416808,0
2016-07-13 20:00,0,386.4700012,26.39998779,83.28199389,2.391505687,0
2016-07-13 21:00,0,386.4899902,25.14000854,83.23680265,3.031517781,0
2016-07-13 22:00,0,375.9100037,23.87999878,82.72626583,3.671648031,0
2016-07-13 23:00,0,375.9100037,23.45998535,83.67368588,3.596108933,0
2016-07-14 00:00,0,375.9200134,23.04000244,84.62102422,3.55005629,0
2016-07-14 01:00,0,372.5499878,22.61998901,85.56727386,3.523662858,0
2016-07-14 02:00,0,372.5599976,22.30999146,85.35037132,3.522399731,0
2016-07-14 03:00,0,372.5700073,22.01000366,85.04588578,3.520355077,0
2016-07-14 04:00,0,357.2999878,21.7000061,84.75760831,3.527506183,0
2016-07-14 05:00,0,357.2799988,22.61000977,82.9965563,3.128609832,0
2016-07-14 06:00,90.73600006,357.269989,23.52001343,81.21008446,2.754087963,0
2016-07-14 07:00,266.5599976,386.1900024,24.42998657,79.40291723,2.434830616,0
2016-07-14 08:00,425.3439941,386.1600037,25.99004517,76.28982365,2.956298375,0
2016-07-14 09:00,598.03302,386.1300049,27.55001221,73.17532728,3.490171908,0
2016-07-14 10:00,718.7709961,419.6900024,29.11004028,70.08985749,4.013290402,0
2016-07-14 11:00,818.5549927,419.6799927,29.9500061,67.32620831,4.165873318,0
2016-07-14 12:00,853.973999,419.6700134,30.79000244,64.68688179,4.3247774,0
2016-07-14 13:00,850.3499756,426.3500061,31.62999878,62.16439354,4.478001855,0.013977601
2016-07-14 14:00,813.1370239,426.3500061,31.64000854,62.21312767,4.471464854,0.0012864
2016-07-14 15:00,718.0029907,426.3500061,31.65999756,62.2268296,4.471207851,0.0012288
2016-07-14 16:00,458.0130005,434.6700134,31.67998657,62.24179373,4.479698802,0.0003456
2016-07-14 17:00,314.2799988,434.6900024,30.65999756,67.50786804,3.922371725,0
2016-07-14 18:00,194.7590027,434.7000122,29.62999878,73.25626345,3.389528121,0
2016-07-14 19:00,56.72000122,389.1799927,28.61004028,79.44505162,2.871532618,0
2016-07-14 20:00,0,389.2099915,27.23000488,80.09194932,3.106959847,0
2016-07-14 21:00,0,389.2399902,25.83999023,80.38798258,3.331561118,0.0010752
2016-07-14 22:00,0,395.0400085,24.45998535,80.15265121,3.571134189,0
2016-07-14 23:00,0,395.0499878,24.20998535,80.43815485,3.551239289,0
2016-07-15 00:00,0,395.0499878,23.96999512,80.6637129,3.57259007,0
2016-07-15 01:00,0,396.2900085,23.71999512,80.93172549,3.634969165,0
2016-07-15 02:00,0,396.2900085,23.46999512,81.49772056,3.63088155,0
2016-07-15 03:00,0,396.2999878,23.21999512,82.0639008,3.646834357,0.0003264
2016-07-15 04:00,0,386.0599976,22.96999512,82.63238599,3.692424782,0
2016-07-15 05:00,0,386.0400085,23.74001465,81.27059272,3.628567176,0
2016-07-15 06:00,89.53600311,386.0299988,24.50002441,79.93146879,3.590055757,0
2016-07-15 07:00,261.0159912,385.9299927,25.27001343,78.52193121,3.571134189,0
2016-07-15 08:00,417.4880066,385.9100037,26.30999146,74.70828548,3.684697987,0
2016-07-15 09:00,587.5910034,385.8900146,27.35003052,71.10443223,3.819214668,0
2016-07-15 10:00,676.5449829,411.3200073,28.39000854,67.69731394,3.952176633,0
2016-07-15 11:00,770.7399902,411.3099976,29.06005249,64.8226809,3.27001537,0
2016-07-15 12:00,804.2459717,411.2999878,29.71999512,62.11645343,2.602786885,0
2016-07-15 13:00,682.0490112,433.3200073,30.39003906,59.49878878,1.92509738,0
2016-07-15 14:00,652.1920166,433.3200073,30.45998535,58.18907919,1.91149153,0
2016-07-15 15:00,575.8010254,433.3200073,30.54000244,56.8547277,1.919505199,0
2016-07-15 16:00,497.7380066,435.4299927,30.61998901,55.53269191,1.938478798,0
2016-07-15 17:00,341.3080139,435.4299927,29.98000488,61.98139895,1.615240063,0
2016-07-15 18:00,211.1580048,435.4400024,29.33999023,68.84252123,1.294179265,0
2016-07-15 19:00,61.00799942,371.0799866,28.7000061,76.13967084,0.984936538,0
2016-07-15 20:00,0,371.1199951,26.90004883,74.59759789,1.619691402,0
2016-07-15 21:00,0,371.1600037,25.1,71.84035151,2.272641685,0
2016-07-15 22:00,0,342.1300049,23.30001221,67.57204623,2.93165487,0
2016-07-15 23:00,0,342.1400146,22.68999634,68.38440293,2.782103584,0
2016-07-16 00:00,0,342.1499939,22.07000122,69.21477466,2.691635131,0
2016-07-16 01:00,0,337.9200134,21.45998535,69.97486798,2.648867567,0
2016-07-16 02:00,0,337.9299927,21.05001221,70.81497276,2.642006709,0
2016-07-16 03:00,0,337.9400024,20.64998779,71.61128151,2.635317725,0
2016-07-16 04:00,0,342.230011,20.24001465,72.45240059,2.627108592,0
2016-07-16 05:00,0,342.2200012,21.21999512,71.84572938,1.950282007,0
2016-07-16 06:00,89.4240036,342.2000122,22.2000061,71.08749426,1.284133988,0
2016-07-16 07:00,260.8080139,366.9599915,23.18999634,70.16113653,0.668430976,0
2016-07-16 08:00,418.1600037,366.9299927,24.67000732,68.81184858,0.768439995,0
2016-07-16 09:00,589.1790161,366.8999939,26.14998779,67.24214485,0.931343123,0
2016-07-16 10:00,720.3499756,400.0599976,27.62999878,65.50332082,1.138639534,0
2016-07-16 11:00,820.914978,400.0400085,28.61998901,62.24815732,1.250039999,0
2016-07-16 12:00,856.7719727,400.0299988,29.61000977,59.1751463,1.365283867,0
2016-07-16 13:00,819.8029785,414.6499939,30.6,56.27613869,1.499333203,0
2016-07-16 14:00,783.9060059,414.6499939,30.64000854,55.38772709,1.310953794,0
2016-07-16 15:00,692.0089722,414.6499939,30.68004761,54.50138894,1.18962189,0
2016-07-16 16:00,526.6099854,426.1000061,30.72002563,53.6195748,1.156633066,0
2016-07-16 17:00,360.8529968,426.1099854,30.01003418,59.83362323,1.262101411,0
2016-07-16 18:00,222.8370056,426.1099854,29.30004272,66.48319897,1.381918944,0.0011136
2016-07-16 19:00,51.63199997,397.2999878,28.59005127,73.59429394,1.499133087,0.0023136
2016-07-16 20:00,0,397.3299866,27.24001465,71.25079111,1.382353021,0
2016-07-16 21:00,0,397.3699951,25.87999878,68.09536636,1.523975046,0
2016-07-16 22:00,0,348.269989,24.52999268,63.9008192,1.881116689,0
2016-07-16 23:00,0,348.2900085,23.33999023,67.45098399,2.278639961,0
2016-07-17 00:00,0,348.3099976,22.14998779,71.22147531,2.696163949,0
2016-07-17 01:00,0,335.730011,20.96999512,75.17995343,3.139124141,0
2016-07-17 02:00,0,335.75,20.25002441,76.87043201,3.182090453,0
2016-07-17 03:00,0,335.7600098,19.53005371,78.57725236,3.223042142,0
2016-07-17 04:00,0,330.9299927,18.80999146,80.29699709,3.264980852,0
2016-07-17 05:00,0,330.9200134,19.71004639,79.21564251,2.732105456,0
2016-07-17 06:00,88.16799927,330.8999939,20.61998901,77.9911816,2.216506255,0
2016-07-17 07:00,267.5360107,356.9500122,21.52004395,76.73772195,1.735108105,0
2016-07-17 08:00,430.0159912,356.9100037,23.26000366,74.56998023,1.527612494,0
2016-07-17 09:00,606.5490112,356.8800049,24.9999939,72.15196101,1.327742446,0
2016-07-17 10:00,749.1810303,388.9599915,26.74001465,69.56660463,1.152475591,0
2016-07-17 11:00,854.0650024,388.9500122,27.86004028,65.90574921,0.940053188,0
2016-07-17 12:00,891.5560303,388.9299927,28.98000488,62.46455484,1.062308785,0
2016-07-17 13:00,921.1900024,404.0100098,30.10003052,59.22573421,1.440312416,0
2016-07-17 14:00,880.8209839,404,30.39998779,59.44682413,2.056526158,0
2016-07-17 15:00,777.4429932,403.9899902,30.70998535,59.60915703,2.679048449,0
2016-07-17 16:00,656.2059937,401.6799927,31.01000366,59.78474887,3.310060413,0
2016-07-17 17:00,449.29599,401.6799927,30.09005127,65.81936457,2.967305066,0
2016-07-17 18:00,276.9060059,401.6900024,29.17000732,72.35746545,2.637745312,0
2016-07-17 19:00,45.40800095,375.5899963,28.24001465,79.48575113,2.319180875,0
2016-07-17 20:00,0,375.6199951,26.79000244,79.71374295,2.638825557,0
2016-07-17 21:00,0,375.6499939,25.33001099,79.46192896,2.962228909,0
2016-07-17 22:00,0,364.730011,23.87999878,78.51984219,3.284219822,0
2016-07-17 23:00,0,364.730011,23.47002563,79.38226051,3.189043753,0
2016-07-18 00:00,0,364.7399902,23.05004272,80.29316636,3.181273349,0
2016-07-18 01:00,0,359.4700012,22.64000854,81.15441926,3.275362649,0
2016-07-18 02:00,0,359.4700012,22.30001221,81.90666831,3.400661604,0
2016-07-18 03:00,0,359.480011,21.95998535,82.65806432,3.526613064,0
2016-07-18 04:00,0,357.9299927,21.61000977,83.45942363,3.674833331,0
2016-07-18 05:00,0,357.9200134,22.48000488,81.50008499,3.443631745,0
2016-07-18 06:00,85.12000275,357.8999939,23.33999023,79.59260214,3.225724829,0
2016-07-18 07:00,262.1600037,380.019989,24.2000061,77.69346433,3.002615585,0
2016-07-18 08:00,422.447998,379.9899902,25.85,74.86087285,3.258481279,0
2016-07-18 09:00,596.5440063,379.9599915,27.4999939,71.95419788,3.517172177,0
2016-07-18 10:00,738.5949707,407.6199951,29.14998779,69.01962411,3.778107993,0
2016-07-18 11:00,842.2940063,407.6099854,30.08001099,65.04797741,3.735465058,0
2016-07-18 12:00,879.4160156,407.5899963,31.02001343,61.29236875,3.768527601,0
2016-07-18 13:00,900.6259766,419.6499939,31.9500061,57.80440874,3.874183729,0
2016-07-18 14:00,861.1380005,419.6499939,32.08999023,56.27915639,4.201928175,0
2016-07-18 15:00,759.9240112,419.6499939,32.24004517,54.74388595,4.539273218,0
2016-07-18 16:00,557.7529907,430.5100098,32.37999878,53.26138744,4.880184248,0
2016-07-18 17:00,381.572998,430.519989,31.36998901,59.68064955,3.929376645,0
2016-07-18 18:00,234.6699982,430.5299988,30.35,66.73652469,3.001882632,0
2016-07-18 19:00,41.59999847,393.25,29.33999023,74.41257862,2.118584339,0
2016-07-18 20:00,0,393.2799988,27.86000977,73.56818847,2.290720412,0
2016-07-18 21:00,0,393.3200073,26.39003906,71.97366313,2.459369936,0
2016-07-18 22:00,0,365.4100037,24.90999756,69.57627379,2.642820432,0
2016-07-18 23:00,0,365.4200134,24.2499939,71.50843905,2.512866879,0
2016-07-19 00:00,0,365.4299927,23.58001099,73.54009538,2.657310704,0
2016-07-19 01:00,0,360.7999878,22.92000732,75.59017151,3.056010537,0
2016-07-19 02:00,0,360.8099976,22.39998779,77.99086046,3.216037976,0
2016-07-19 03:00,0,360.8200073,21.86998901,80.52866777,3.390235945,0
2016-07-19 04:00,0,360.8099976,21.33999023,83.16042697,3.587338791,0
2016-07-19 05:00,0,360.7900085,22.35,81.82570181,3.341750997,0
2016-07-19 06:00,82.37599945,360.769989,23.35,80.43646768,3.087021154,0
2016-07-19 07:00,254.0800018,386.8299866,24.36000977,78.91126013,2.845434841,0
2016-07-19 08:00,410.4960022,386.7999878,25.76003418,75.92047917,2.591408867,0
2016-07-19 09:00,580.3330078,386.7799988,27.17003784,72.91961016,2.370337486,0
2016-07-19 10:00,726.9990234,413.4700012,28.57000122,70.01099782,2.199204412,0
2016-07-19 11:00,829.3649902,413.4599915,29.33999023,65.47089288,2.106418804,0
2016-07-19 12:00,866.059021,413.4500122,30.11000977,61.20985727,2.070676242,0
2016-07-19 13:00,742.6270142,437.8800049,30.89000854,57.17747506,2.088061309,0
2016-07-19 14:00,710.0280151,437.8800049,30.9500061,56.60677672,2.44806047,0
2016-07-19 15:00,626.4650269,437.8800049,31.02001343,56.00662545,2.840422515,0
2016-07-19 16:00,567.6190186,420.8999939,31.08999023,55.41087689,3.253459768,0
2016-07-19 17:00,387.9670105,420.9200134,30.01000366,60.93253063,2.967692719,0
2016-07-19 18:00,238.0700073,420.9299927,28.92998657,66.96492185,2.690297395,0
2016-07-19 19:00,41.40800095,377.4299927,27.86004028,73.51487847,2.399208163,0
2016-07-19 20:00,0,377.4500122,26.55001221,73.76638568,2.538523096,0
2016-07-19 21:00,0,377.480011,25.24001465,73.63079064,2.746343093,0
2016-07-19 22:00,0,368.8299866,23.92998657,73.03597254,3.019552937,0
2016-07-19 23:00,0,368.8399963,23.20998535,75.75962029,3.095949029,0
2016-07-20 00:00,0,368.8500061,22.49001465,78.60001827,3.341137453,0
2016-07-20 01:00,0,370.4500122,21.77999268,81.51210203,3.729999987,0
2016-07-20 02:00,0,370.4500122,21.58999023,82.75383956,3.373262504,0
2016-07-20 03:00,0,370.4599915,21.39998779,84.01423499,3.019751634,0
2016-07-20 04:00,0,384.769989,21.2000061,85.34839772,2.670748946,0
2016-07-20 05:00,0,384.7600098,21.83999023,84.19319977,2.679253651,0
2016-07-20 06:00,81.40799713,384.75,22.48000488,83.01708639,2.732489767,0
2016-07-20 07:00,263.3200073,361.5899963,23.11998901,81.82065635,2.82793218,0
2016-07-20 08:00,426.5599976,361.5599976,24.55999146,75.70915827,2.453996788,0
2016-07-20 09:00,603.7470093,361.5400085,26.00002441,70.11172289,2.331373234,0
2016-07-20 10:00,738.3250122,382.5,27.44002686,64.98351942,2.514000782,0
2016-07-20 11:00,842.5700073,382.5,28.20998535,59.63845898,2.422106461,0
2016-07-20 12:00,880.0150146,382.4899902,28.98000488,54.64877474,2.343672284,0
2016-07-20 13:00,913.1799927,390.7099915,29.74001465,50.02334135,2.287793596,0
2016-07-20 14:00,873.0269775,390.7099915,29.85003052,49.78999057,2.033642112,0
2016-07-20 15:00,770.1190186,390.7099915,29.95998535,49.55801628,1.784656829,0
2016-07-20 16:00,618.151001,397.2799988,30.07000122,49.32819459,1.573181542,0
2016-07-20 17:00,422.105011,397.2900085,29.03005371,55.49276608,1.762554963,0
2016-07-20 18:00,258.4079895,397.2999878,27.9999939,62.22080253,1.958009144,0
2016-07-20 19:00,44.19200134,360.0799866,26.95998535,69.64079349,2.157452096,0
2016-07-20 20:00,0,360.1000061,25.80999146,66.87895757,1.900789337,0
2016-07-20 21:00,0,360.1300049,24.66002808,63.40274043,1.78331151,0
2016-07-20 22:00,0,334.3500061,23.51000366,59.1086937,1.831993492,0
2016-07-20 23:00,0,334.3599854,22.7499939,61.64455084,1.988793792,0
2016-07-21 00:00,0,334.3699951,21.99001465,64.30436504,2.150581317,0
2016-07-21 01:00,0,327.8299866,21.2300354,67.09566156,2.316311731,0
2016-07-21 02:00,0,327.8299866,20.76000366,68.95262977,2.082786549,0
2016-07-21 03:00,0,327.8399963,20.29000244,70.87134806,1.860349427,0
2016-07-21 04:00,0,325.5100098,19.83001099,72.80419978,1.648059419,0
2016-07-21 05:00,0,325.5,20.43999634,74.43989517,1.433875889,0
2016-07-21 06:00,83.16000366,325.4800415,21.05999146,75.81508543,1.249999959,0
2016-07-21 07:00,260.6719971,360.1199951,21.67000732,77.03902053,1.111575482,0
2016-07-21 08:00,423.4240112,360.0899963,23.37999878,73.74773665,0.951314881,0
2016-07-21 09:00,600.0180054,360.0599976,25.08001099,70.48679657,1.011187403,0
2016-07-21 10:00,742.3629761,391.5799866,26.79000244,67.20479494,1.271416524,0
2016-07-21 11:00,847.4799805,391.5599976,27.77999268,65.22678084,1.053090714,0
2016-07-21 12:00,885.3060303,391.5499878,28.77999268,63.2466749,1.209297321,0
2016-07-21 13:00,910.5020142,409.4299927,29.77999268,61.30672887,1.627421311,0
2016-07-21 14:00,870.4069824,409.4200134,30.15999756,60.55371002,1.650757378,0
2016-07-21 15:00,767.6229858,409.4100037,30.54000244,59.80883193,1.795355134,0
2016-07-21 16:00,633.0469971,409.3099976,30.92998657,59.03665115,2.021484568,0
2016-07-21 17:00,431.8349915,409.3099976,30.08999023,65.19012076,1.802359547,0
2016-07-21 18:00,263.6860046,409.3200073,29.2499939,71.8258454,1.755135332,0
2016-07-21 19:00,44.67200089,370.6099854,28.42000732,78.93643688,1.896944943,0
2016-07-21 20:00,0,370.6499939,26.77001343,78.97599383,2.364254666,0
2016-07-21 21:00,0,370.6799927,25.11000977,78.32813375,2.846225609,0
2016-07-21 22:00,0,358.8299866,23.45998535,76.72197013,3.336495211,0
2016-07-21 23:00,0,358.8399963,23.14000854,77.81131102,2.971363352,0
2016-07-22 00:00,0,358.8399963,22.80999146,78.96680926,2.828515533,0
2016-07-22 01:00,0,355.1099854,22.49001465,80.08990896,2.938315822,0
2016-07-22 02:00,0,355.1199951,22.02999268,82.30256562,2.872107198,0
2016-07-22 03:00,0,355.1300049,21.57000122,84.58498999,2.921386713,0
2016-07-22 04:00,0,350.7999878,21.11000977,86.93915826,3.083666589,0
2016-07-22 05:00,0,350.7900085,21.98000488,85.77882699,2.854400125,0
2016-07-22 06:00,82.2440033,350.769989,22.85003052,84.52909101,2.690316044,0
2016-07-22 07:00,257.1359863,363.269989,23.71999512,83.20715698,2.604323234,0
2016-07-22 08:00,418.8479919,363.2399902,25.24001465,77.23585566,2.682256579,0
2016-07-22 09:00,594.2360229,363.2200012,26.76000366,71.74642496,2.75116339,0
2016-07-22 10:00,664.1079712,404.7900085,28.27999268,66.69650097,2.830441585,0
2016-07-22 11:00,758.4180298,404.7799988,28.99001465,64.37538182,2.880277879,0
2016-07-22 12:00,792.4199829,404.769989,29.70998535,62.10944636,2.940068084,0.0059136
2016-07-22 13:00,720.117981,428.6700134,30.42000732,59.96928985,2.990016732,0
2016-07-22 14:00,688.3439941,428.6600037,30.74001465,59.82698643,2.886693497,0
2016-07-22 15:00,606.9000244,428.6499939,31.05999146,59.67348475,2.811494273,0
2016-07-22 16:00,543.4110107,425.7000122,31.39000854,59.47240476,2.774112371,0.0021792
2016-07-22 17:00,370.3009949,425.7099915,30.56005249,65.31298577,2.529901203,0
2016-07-22 18:00,225.5110016,425.7200012,29.74001465,71.55865574,2.350765737,0
2016-07-22 19:00,33.80799866,393.2999878,28.90999756,78.31889121,2.252287753,0
2016-07-22 20:00,0,393.3299866,27.43999634,77.78473478,2.390083785,0
2016-07-22 21:00,0,393.3599854,25.96999512,76.57671876,2.584356737,0
2016-07-22 22:00,0,369.3399963,24.4999939,74.56147264,2.831342472,0
2016-07-22 23:00,0,369.3399963,24.07000122,75.48010564,2.802088468,0
2016-07-23 00:00,0,369.3500061,23.64998779,76.35542063,2.876751536,0
2016-07-23 01:00,0,364.3900146,23.21999512,77.27691724,3.056435898,0
2016-07-23 02:00,0,364.3999939,22.76000366,78.79910804,3.223491877,0
2016-07-23 03:00,0,364.3999939,22.30001221,80.35327285,3.396954644,0
2016-07-23 04:00,0,361.519989,21.83999023,81.93837631,3.578337604,0
2016-07-23 05:00,0,361.5,22.79000244,79.94268122,3.438618942,0
2016-07-23 06:00,78.11199951,361.480011,23.74001465,77.94316938,3.328317962,0
2016-07-23 07:00,253.8159943,381.4200134,24.67998657,75.99099059,3.257115389,0
2016-07-23 08:00,414.6080017,381.3900146,26.17998657,72.48181563,2.670748946,0
2016-07-23 09:00,588.9550171,381.3699951,27.67003784,69.12470631,2.145530339,0
2016-07-23 10:00,732.6450195,412.2999878,29.15999756,65.87929295,1.71292146,0
2016-07-23 11:00,836.9730225,412.2799988,30.21999512,62.59112674,0.863539219,0
2016-07-23 12:00,874.6500244,412.269989,31.27001343,59.52306355,0.373363087,0
2016-07-23 13:00,905.473999,424.5299988,32.3300415,56.59373104,1.053612826,0
2016-07-23 14:00,865.4229736,424.5299988,32.40999756,57.26254664,1.90244583,0
2016-07-23 15:00,762.8280029,424.519989,32.4999939,57.89019993,2.741751369,0
2016-07-23 16:00,640.9890137,417.8900146,32.58999023,58.51216666,3.581075298,0
2016-07-23 17:00,436.2839966,417.8999939,31.64003906,64.17890245,3.009584747,0
2016-07-23 18:00,264.9349976,417.9100037,30.7000061,70.27818686,2.529822098,0
2016-07-23 19:00,38.84799957,387.3399963,29.7499939,76.92602787,2.188195639,0
2016-07-23 20:00,0,387.3699951,28.67998657,75.20934783,2.2041778,0
2016-07-23 21:00,0,387.3900146,27.61000977,72.97876159,2.230336383,0
2016-07-23 22:00,0,373.75,26.54000244,70.16600539,2.269911916,0
2016-07-23 23:00,0,373.7600098,25.73000488,72.80291161,2.429814772,0
2016-07-24 00:00,0,373.7799988,24.92000732,75.55077164,2.651980307,0
2016-07-24 01:00,0,368.9100037,24.11000977,78.41515126,2.905529317,0
2016-07-24 02:00,0,368.9200134,23.65999756,79.92709863,3.028002623,0
2016-07-24 03:00,0,368.9299927,23.21999512,81.42156613,3.153109672,0
2016-07-24 04:00,0,365.7799988,22.77001343,82.9960064,3.270550393,0
2016-07-24 05:00,0,365.7600098,23.64000854,81.87701996,2.797892025,0
2016-07-24 06:00,76.12799835,365.7399902,24.51000366,80.67755805,2.347530571,0
2016-07-24 07:00,252.0160065,394.5899963,25.39000854,79.36695102,1.955428292,0
2016-07-24 08:00,412.8800049,394.5599976,27.07000122,75.42809143,1.545574308,0
2016-07-24 09:00,587.2280273,394.5299988,28.76003418,71.56646847,1.241692413,0
2016-07-24 10:00,726.0800171,426.1499939,30.4500061,67.8421866,1.117720904,0
2016-07-24 11:00,829.7459717,426.1300049,31.55001221,64.06872642,1.681071071,0
2016-07-24 12:00,867.2290039,426.1199951,32.66002808,60.49965788,2.247153761,0
2016-07-24 13:00,903.1660156,433.8299866,33.76000366,57.18912121,2.805084641,0
2016-07-24 14:00,863.1409912,433.8299866,33.82000122,56.59114317,2.666026993,0
2016-07-24 15:00,760.5889893,433.8299866,33.87999878,55.99775304,2.623909309,0
2016-07-24 16:00,636.5130005,425.8500061,33.92998657,55.43812706,2.68704299,0
2016-07-24 17:00,432.7179871,425.8599854,32.7499939,61.26537099,2.679122942,0
2016-07-24 18:00,261.9899902,425.8800049,31.55999146,67.70644234,2.693195237,0
2016-07-24 19:00,37.20000076,388.5,30.37999878,74.74981219,2.735141717,0
2016-07-24 20:00,0,388.5400085,28.83999023,74.77771335,3.041381265,0
2016-07-24 21:00,0,388.5700073,27.30001221,74.22039629,3.351671185,0
2016-07-24 22:00,0,374.4899902,25.7499939,72.99433115,3.661871028,0
2016-07-24 23:00,0,374.5,25.26000366,73.75807786,3.463249936,0
2016-07-25 00:00,0,374.5,24.77001343,74.51114779,3.370133488,0
2016-07-25 01:00,0,367.7000122,24.28005371,75.25137884,3.408988075,0
2016-07-25 02:00,0,367.7000122,24.02001343,75.66648738,3.15493269,0
2016-07-25 03:00,0,367.7099915,23.76000366,76.07860352,2.9618406,0
2016-07-25 04:00,0,364.8500061,23.49001465,76.53206298,2.833866572,0
2016-07-25 05:00,0,364.8399963,24.35,76.04680185,2.75190835,0
2016-07-25 06:00,74.89600372,364.8200073,25.20998535,75.43737763,2.666627029,0
2016-07-25 07:00,248.1040039,396.019989,26.07000122,74.71962152,2.595149304,0
2016-07-25 08:00,407.6799927,395.9899902,27.55004272,72.57564729,2.653639048,0
2016-07-25 09:00,580.5629883,395.9599915,29.04000244,70.28736669,2.751817621,0
2016-07-25 10:00,721.3109741,431.4500122,30.52999268,67.93738899,2.896014583,0
2016-07-25 11:00,824.5789795,431.4400024,31.48000488,65.57633093,3.051098097,0
2016-07-25 12:00,861.9699707,431.4200134,32.42998657,63.29845269,3.208815967,0.0008736
2016-07-25 13:00,814.723999,453.980011,33.37999878,61.09959843,3.377469499,0.0025824
2016-07-25 14:00,778.4959717,453.980011,33.43999634,60.76940495,3.687817679,0
2016-07-25 15:00,685.7789917,453.980011,33.49001465,60.47250883,4.026623865,0
2016-07-25 16:00,379.2030029,465.5400085,33.55001221,60.14473483,4.39420079,0
2016-07-25 17:00,257.4729919,465.5599976,32.39000854,65.02947607,3.926244928,0.047615999
2016-07-25 18:00,155.3930054,465.5700073,31.21999512,70.37789732,3.487606657,0.040819199
2016-07-25 19:00,39.59999847,431.0599976,30.05999146,76.15487113,3.090792693,0
2016-07-25 20:00,0,431.0799866,29.04000244,77.15455535,3.170394374,0.028108801
2016-07-25 21:00,0,431.1000061,28.01003418,78.07041571,3.250246145,0.0091584
2016-07-25 22:00,0,410.7099915,26.98000488,78.83628758,3.320060174,0.0001344
2016-07-25 23:00,0,410.7200012,26.39998779,79.89256027,3.317981277,0
2016-07-26 00:00,0,410.7399902,25.82000122,80.93940265,3.359315412,0
2016-07-26 01:00,0,387.6499939,25.24004517,81.97012901,3.448434459,0
2016-07-26 02:00,0,387.6600037,24.77004395,83.04823537,3.467059287,0
2016-07-26 03:00,0,387.6700134,24.30001221,84.12886408,3.47637743,0
2016-07-26 04:00,0,386.2999878,23.83001099,85.21139483,3.489326576,0
2016-07-26 05:00,0,386.2900085,24.55001221,83.79542889,3.408240127,0
2016-07-26 06:00,68.38400269,386.269989,25.27999268,82.3153137,3.331141048,0
2016-07-26 07:00,243.2720032,403.6199951,25.9999939,80.87626973,3.26056742,0
2016-07-26 08:00,400.9599915,403.6000061,27.32000122,77.04964897,3.238718849,0
2016-07-26 09:00,571.7030029,403.5799866,28.64003906,73.39546366,3.220947093,0
2016-07-26 10:00,719.0289917,429.6700134,29.9500061,69.95083318,3.207319842,0
2016-07-26 11:00,822.2579956,429.6499939,30.82003174,66.19445783,2.902447309,0
2016-07-26 12:00,859.6719971,429.6400146,31.7000061,62.62201742,2.608927001,0
2016-07-26 13:00,821.0880127,448.3399963,32.57000122,59.29331301,2.331051472,0
2016-07-26 14:00,784.4799805,448.3399963,32.82000122,58.17309725,2.299608861,0
2016-07-26 15:00,690.8170166,448.3399963,33.06005249,57.10600073,2.302628885,0
2016-07-26 16:00,506.875,449.6000061,33.30999146,56.02599108,2.359512597,0
2016-07-26 17:00,343.7000122,449.6099854,32.32000122,61.14860644,2.367128997,0
2016-07-26 18:00,206.7489929,449.6300049,31.32000122,66.73979838,2.373267724,0
2016-07-26 19:00,21.64800072,431.3500061,30.32000122,72.80419531,2.391756607,0.0000576
2016-07-26 20:00,0,431.3699951,29.2499939,74.03781576,2.370358528,0.014419199
2016-07-26 21:00,0,431.3900146,28.17003784,75.20737871,2.371349712,0.0049152
2016-07-26 22:00,0,418.0100098,27.1,76.20926449,2.394702592,0.027955201
2016-07-26 23:00,0,418.019989,26.33001099,77.78845161,2.697128003,0
2016-07-27 00:00,0,418.0400085,25.57000122,79.32498577,3.077823851,0
2016-07-27 01:00,0,381.2099915,24.80001221,80.90272048,3.511424176,0
2016-07-27 02:00,0,381.2200012,24.30999146,81.94425028,3.501556769,0
2016-07-27 03:00,0,381.2200012,23.82000122,82.98331467,3.478174803,0
2016-07-27 04:00,0,375.980011,23.3300415,84.02088893,3.463697397,0
2016-07-27 05:00,0,375.9700012,23.95998535,83.05401481,3.475888434,0
2016-07-27 06:00,70.30400085,375.9599915,24.58999023,82.05636515,3.49818515,0
2016-07-27 07:00,243.1519928,400.2399902,25.21999512,81.02933107,3.535109633,0
2016-07-27 08:00,402,400.2099915,26.67000732,77.66227071,3.042005996,0
2016-07-27 09:00,573.9450073,400.1900024,28.11998901,74.36388954,2.554779912,0
2016-07-27 10:00,699.1950073,429.8599854,29.57000122,71.14701352,2.092964408,0
2016-07-27 11:00,799.8410034,429.8500061,30.43004761,67.28786195,1.815158417,0
2016-07-27 12:00,836.3430176,429.8399963,31.29000244,63.65652794,1.585339132,0
2016-07-27 13:00,676.7440186,437.5,32.14998779,60.23673062,1.43589688,0.0023808
2016-07-27 14:00,646.4569702,437.5,31.90999756,60.83338275,1.889391443,0.059193598
,,,,,,
,,,,,,
,,,,,,
,,,,,,
,,,,,,
,,,,,,
,,,,,,
,,,,,,
,,,,,,
,,,,,,
,,,,,,
,,,,,,
,,,,,,
,,,,,,
,,,,,,
,,,,,,
,,,,,,
,,,,,,
,,,,,,
,,,,,,
,,,,,,
,,,,,,
,,,,,,
,,,,,,
,,,,,,
,,,,,,
,,,,,,
,,,,,,
,,,,,,
,,,,,,
,,,,,,
,,,,,,
,,,,,,
,,,,,,
,,,,,,
,,,,,,
,,,,,,
,,,,,,
,,,,,,
,,,,,,
,,,,,,
,,,,,,
,,,,,,
,,,,,,
,,,,,,
,,,,,,
,,,,,,
,,,,,,
,,,,,,
,,,,,,
,,,,,,
,,,,,,
,,,,,,
,,,,,,
,,,,,,
,,,,,,
,,,,,,
,,,,,,
,,,,,,
,,,,,,
,,,,,,
,,,,,,
,,,,,,
,,,,,,
,,,,,,
,,,,,,
,,,,,,
,,,,,,
,,,,,,
,,,,,,
,,,,,,
,,,,,,
,,,,,,
,,,,,,
,,,,,,
,,,,,,
,,,,,,
,,,,,,
,,,,,,
,,,,,,
,,,,,,
,,,,,,
,,,,,,
,,,,,,
,,,,,,
,,,,,,
,,,,,,
,,,,,,
,,,,,,
,,,,,,
,,,,,,
,,,,,,
,,,,,,
,,,,,,
,,,,,,
,,,,,,
,,,,,,
,,,,,,
,,,,,,
,,,,,,
,,,,,,
,,,,,,
,,,,,,
,,,,,,
,,,,,,
,,,,,,
,,,,,,
,,,,,,
,,,,,,
,,,,,,
,,,,,,
,,,,,,
,,,,,,
,,,,,,
,,,,,,
,,,,,,
,,,,,,
,,,,,,
,,,,,,
,,,,,,
,,,,,,
,,,,,,
,,,,,,
,,,,,,
,,,,,,
,,,,,,
,,,,,,
,,,,,,
,,,,,,
,,,,,,
,,,,,,
,,,,,,
,,,,,,
,,,,,,
,,,,,,
,,,,,,
,,,,,,
,,,,,,
,,,,,,
,,,,,,
,,,,,,
,,,,,,
,,,,,,
,,,,,,
,,,,,,
,,,,,,
,,,,,,
,,,,,,
,,,,,,
,,,,,,
,,,,,,
,,,,,,
,,,,,,
,,,,,,
,,,,,,
,,,,,,
,,,,,,
,,,,,,
,,,,,,
,,,,,,
,,,,,,
,,,,,,
,,,,,,
,,,,,,
,,,,,,
,,,,,,
,,,,,,
,,,,,,
,,,,,,
,,,,,,
,,,,,,
,,,,,,
,,,,,,
,,,,,,
,,,,,,
,,,,,,
,,,,,,
,,,,,,
,,,,,,
,,,,,,
,,,,,,
,,,,,,
,,,,,,
,,,,,,
,,,,,,
,,,,,,
,,,,,,
,,,,,,
,,,,,,
,,,,,,
,,,,,,
,,,,,,
,,,,,,
,,,,,,
,,,,,,
,,,,,,
,,,,,,
,,,,,,
,,,,,,
,,,,,,
,,,,,,
,,,,,,
,,,,,,
,,,,,,
,,,,,,
,,,,,,
,,,,,,
,,,,,,
,,,,,,
,,,,,,
,,,,,,
,,,,,,
,,,,,,
,,,,,,
,,,,,,
,,,,,,
,,,,,,
,,,,,,
,,,,,,
,,,,,,
,,,,,,
,,,,,,
,,,,,,
,,,,,,
,,,,,,
,,,,,,
,,,,,,
,,,,,,
,,,,,,
,,,,,,
,,,,,,
,,,,,,
,,,,,,
,,,,,,
,,,,,,
,,,,,,
,,,,,,
,,,,,,
,,,,,,
,,,,,,
,,,,,,
,,,,,,
,,,,,,
,,,,,,
,,,,,,
,,,,,,
,,,,,,
,,,,,,
,,,,,,
,,,,,,
,,,,,,
,,,,,,
,,,,,,
,,,,,,
,,,,,,
,,,,,,
,,,,,,
,,,,,,
,,,,,,
,,,,,,
,,,,,,
,,,,,,
,,,,,,
,,,,,,
,,,,,,
,,,,,,
,,,,,,
,,,,,,
,,,,,,
,,,,,,
,,,,,,
,,,,,,
,,,,,,
,,,,,,
,,,,,,
,,,,,,
,,,,,,
,,,,,,
,,,,,,
,,,,,,
,,,,,,
,,,,,,
,,,,,,
,,,,,,
,,,,,,
,,,,,,
,,,,,,
,,,,,,
,,,,,,
,,,,,,
,,,,,,
,,,,,,
,,,,,,
,,,,,,
,,,,,,
,,,,,,
,,,,,,
,,,,,,
,,,,,,
,,,,,,
,,,,,,
,,,,,,
,,,,,,
,,,,,,
,,,,,,
,,,,,,
,,,,,,
,,,,,,
,,,,,,
,,,,,,
,,,,,,
,,,,,,
,,,,,,
,,,,,,
,,,,,,
,,,,,,
,,,,,,
,,,,,,
,,,,,,
,,,,,,
,,,,,,
,,,,,,
,,,,,,
,,,,,,
,,,,,,
,,,,,,
,,,,,,
,,,,,,
,,,,,,
,,,,,,
,,,,,,
,,,,,,
,,,,,,
,,,,,,
,,,,,,
,,,,,,
,,,,,,
,,,,,,
,,,,,,
,,,,,,
,,,,,,
,,,,,,
,,,,,,
,,,,,,
,,,,,,
,,,,,,
,,,,,,
,,,,,,
,,,,,,
,,,,,,
,,,,,,
,,,,,,
,,,,,,
,,,,,,
,,,,,,
,,,,,,
,,,,,,
,,,,,,
,,,,,,
,,,,,,
,,,,,,
,,,,,,
,,,,,,
,,,,,,
,,,,,,
,,,,,,
,,,,,,
,,,,,,
,,,,,,
,,,,,,
,,,,,,
,,,,,,
,,,,,,
,,,,,,
,,,,,,
,,,,,,
,,,,,,
,,,,,,
,,,,,,
,,,,,,
,,,,,,
,,,,,,
,,,,,,
,,,,,,
,,,,,,
,,,,,,
,,,,,,
,,,,,,
,,,,,,
,,,,,,
,,,,,,
,,,,,,
,,,,,,
,,,,,,
,,,,,,
,,,,,,
,,,,,,
,,,,,,
,,,,,,
,,,,,,
,,,,,,
,,,,,,
,,,,,,
,,,,,,
,,,,,,
,,,,,,
,,,,,,
,,,,,,
,,,,,,
,,,,,,
,,,,,,
,,,,,,
,,,,,,
,,,,,,
,,,,,,
,,,,,,
,,,,,,
,,,,,,
,,,,,,
,,,,,,
,,,,,,
,,,,,,
,,,,,,
,,,,,,
,,,,,,
,,,,,,
,,,,,,
,,,,,,
,,,,,,
,,,,,,
,,,,,,
,,,,,,
,,,,,,
,,,,,,
,,,,,,
,,,,,,
,,,,,,
,,,,,,
,,,,,,
,,,,,,
,,,,,,
,,,,,,
,,,,,,
,,,,,,
,,,,,,
,,,,,,
,,,,,,
,,,,,,
,,,,,,
,,,,,,
,,,,,,
,,,,,,
,,,,,,
,,,,,,
,,,,,,
,,,,,,
,,,,,,
,,,,,,
,,,,,,
,,,,,,
,,,,,,
,,,,,,
,,,,,,
,,,,,,
,,,,,,
,,,,,,
,,,,,,
,,,,,,
,,,,,,
,,,,,,
,,,,,,
,,,,,,
,,,,,,
,,,,,,
,,,,,,
,,,,,,
,,,,,,
,,,,,,
,,,,,,
,,,,,,
,,,,,,
,,,,,,
,,,,,,
,,,,,,
,,,,,,
,,,,,,
,,,,,,
,,,,,,
,,,,,,
,,,,,,
,,,,,,
,,,,,,
,,,,,,
,,,,,,
,,,,,,
,,,,,,
,,,,,,
,,,,,,
,,,,,,
,,,,,,
,,,,,,
,,,,,,
,,,,,,
,,,,,,
,,,,,,
,,,,,,
,,,,,,
,,,,,,
,,,,,,
,,,,,,
,,,,,,
,,,,,,
,,,,,,
,,,,,,
,,,,,,
,,,,,,
,,,,,,
,,,,,,
,,,,,,
,,,,,,
,,,,,,
,,,,,,
,,,,,,
,,,,,,
,,,,,,
,,,,,,
,,,,,,
,,,,,,
,,,,,,
,,,,,,
,,,,,,
,,,,,,
,,,,,,
,,,,,,
,,,,,,
,,,,,,
,,,,,,
,,,,,,
,,,,,,
,,,,,,
,,,,,,
,,,,,,
,,,,,,
,,,,,,
,,,,,,
,,,,,,
,,,,,,
,,,,,,
,,,,,,
,,,,,,
,,,,,,
,,,,,,
,,,,,,
,,,,,,
,,,,,,
,,,,,,
,,,,,,
,,,,,,
,,,,,,
,,,,,,
,,,,,,
,,,,,,
,,,,,,
,,,,,,
,,,,,,
,,,,,,
,,,,,,
,,,,,,
,,,,,,
,,,,,,
,,,,,,
,,,,,,
,,,,,,
,,,,,,
,,,,,,
,,,,,,
,,,,,,
,,,,,,
,,,,,,
,,,,,,
,,,,,,
,,,,,,
,,,,,,
,,,,,,
,,,,,,
,,,,,,
,,,,,,
,,,,,,
,,,,,,
,,,,,,
,,,,,,
,,,,,,
,,,,,,
,,,,,,
,,,,,,
,,,,,,
,,,,,,
,,,,,,
,,,,,,
,,,,,,
,,,,,,
,,,,,,
,,,,,,
,,,,,,
,,,,,,
,,,,,,
,,,,,,
,,,,,,
,,,,,,
,,,,,,
,,,,,,
,,,,,,
,,,,,,