time,FLOW,TEMP,SALT,NIT_amm,NIT_nit,PHS_frp,OGM_doc,OXY_oxy
2015-05-27,0.015133333,8.604333333,0,0.380107697,0.055299539,0.110706213,164.1489235,87.15208333
2015-05-28,0.015133333,8.433,0,0.348432056,0.050691244,0.101480696,162.9594386,15.321875
2015-05-29,0.015133333,9.13,0,0.316756414,0.046082949,0.092255178,161.7699536,222.9832386
2015-05-30,0.015133333,9.132,0,0.285080773,0.041474654,0.08302966,160.5804687,214.4352273
2015-05-31,0.015133333,9.134,0,0.253405131,0.036866359,0.073804142,159.3909837,205.8872159
2015-06-01,0.015133333,9.136,0,0.22172949,0.032258065,0.064578624,158.2014988,197.3392045
2015-06-02,0,9.138,0,0.776053215,0.036866359,0.073804142,159.3909837,188.7911932
2015-06-03,0,9.14,0,1.33037694,0.041474654,0.08302966,160.5804687,180.2431818
2015-06-04,0,9.142,0,1.884700665,0.046082949,0.092255178,161.7699536,171.6951705
2015-06-05,0,9.144,0,2.43902439,0.050691244,0.101480696,162.9594386,163.1471591
2015-06-06,0,9.146,0,2.993348115,0.055299539,0.110706213,164.1489235,154.5991477
2015-06-07,0,9.148,0,3.54767184,0.059907834,0.119931731,165.3384085,146.0511364
2015-06-08,0.015133333,9.15,0,4.101995565,0.064516129,0.129157249,166.5278934,137.503125
2015-06-09,0.015133333,9.016666667,0,3.555590751,0.059907834,0.119931731,167.7173784,62.5625
2015-06-10,0.015133333,8.865333333,0,3.009185936,0.055299539,0.110706213,168.9068633,33.275
2015-06-11,0.015133333,8.714,0,2.462781121,0.050691244,0.101480696,170.0963483,3.9875
2015-06-12,0.015133333,9.69075,0,1.916376307,0.046082949,0.092255178,171.2858332,171.953125
2015-06-13,0.015133333,9.7765,0,1.369971492,0.041474654,0.08302966,172.4753182,171.34375
2015-06-14,0.015133333,9.86225,0,0.823566677,0.036866359,0.073804142,173.6648031,170.734375
2015-06-15,0.015133333,9.948,0,0.277161863,0.032258065,0.064578624,174.8542881,170.125
2015-06-16,0.015133333,10.18866667,0,0.300918594,0.032258065,0.064578624,176.043773,126.9895833
2015-06-17,0.015133333,10.42933333,0,0.324675325,0.032258065,0.064578624,177.233258,83.85416667
2015-06-18,0.015133333,10.67,0,0.348432056,0.032258065,0.064578624,178.422743,40.71875
2015-06-19,0.015133333,8.138,0,0.372188787,0.032258065,0.064578624,179.6122279,3.348125
2015-06-20,0.015133333,8.95,0,0.395945518,0.032258065,0.064578624,180.8017129,55.06125
2015-06-21,0.015133333,9.645,0,0.419702249,0.032258065,0.064578624,181.9911978,107.0775
2015-06-22,0.015133333,10.34,0,0.44345898,0.032258065,0.064578624,183.1806828,159.09375
2015-06-23,0.0164,10.44,0,0.459296801,0.036866359,0.073804142,184.3701677,159.0625
2015-06-24,0.0164,9.389,0,0.475134621,0.041474654,0.08302966,185.5596527,82.09171875
2015-06-25,0.0076,8.338,0,0.490972442,0.046082949,0.092255178,186.7491376,3.3396875
2015-06-26,0.0076,9.141,0,0.506810263,0.050691244,0.101480696,187.9386226,60.85632813
2015-06-27,0.0076,9.944,0,0.522648084,0.055299539,0.110706213,189.1281075,118.3729688
2015-06-28,0.0076,10.747,0,0.538485904,0.059907834,0.119931731,190.3175925,175.8896094
2015-06-29,0.0076,11.55,0,0.554323725,0.064516129,0.129157249,191.5070774,233.40625
2015-06-30,0.0164,10.50233333,0,1.219512195,0.064516129,0.129157249,209.3493517,156.7233333
2015-07-01,0.0164,9.454666667,0,1.884700665,0.064516129,0.129157249,227.191626,80.04041667
2015-07-02,0.0164,8.407,0,2.549889135,0.064516129,0.129157249,245.0339003,3.3575
2015-07-03,0.0164,12.035,0,3.215077605,0.064516129,0.129157249,262.8761746,262.0359375
2015-07-04,0.0164,12.12,0,3.880266075,0.064516129,0.129157249,280.7184489,268.26875
2015-07-05,0.0164,12.205,0,4.545454545,0.064516129,0.129157249,298.5607232,274.5015625
2015-07-06,0.0164,12.29,0,5.210643016,0.064516129,0.129157249,316.4029975,280.734375
2015-07-07,0.0164,11.232,0,5.947101679,0.064516129,0.129157249,294.9922683,187.9138542
2015-07-08,0.0164,10.174,0,6.683560342,0.064516129,0.129157249,273.5815392,95.09333333
2015-07-09,0.0164,9.116,0,7.420019005,0.064516129,0.129157249,252.17081,2.2728125
2015-07-10,0.0164,12.6,0,8.156477669,0.064516129,0.129157249,230.7600809,300.2132813
2015-07-11,0.0164,12.67,0,8.892936332,0.064516129,0.129157249,209.3493517,304.0578125
2015-07-12,0.0164,12.74,0,9.629394995,0.064516129,0.129157249,187.9386226,307.9023438
2015-07-13,0.0164,12.81,0,10.36585366,0.064516129,0.129157249,166.5278934,311.746875
2015-07-14,0.0164,11.413,0,11.1656636,0.071428571,0.142995526,166.5278934,208.6242708
2015-07-15,0.0164,10.016,0,11.96547355,0.078341014,0.156833802,166.5278934,105.5016667
2015-07-16,0.014133333,8.619,0,12.7652835,0.085253456,0.170672079,166.5278934,2.3790625
2015-07-17,0.014133333,13.04,0,13.56509344,0.092165899,0.184510356,166.5278934,328.9695313
2015-07-18,0.014133333,13.08,0,14.36490339,0.099078341,0.198348632,166.5278934,329.9078125
2015-07-19,0.014133333,13.12,0,15.16471334,0.105990783,0.212186909,166.5278934,330.8460938
2015-07-20,0.014133333,13.16,0,15.96452328,0.112903226,0.226025186,166.5278934,331.784375
2015-07-21,0.014133333,11.72833333,0,15.99619892,0.117511521,0.235250703,173.6648031,221.9321875
2015-07-22,0.014133333,10.29666667,0,16.02787456,0.122119816,0.244476221,180.8017129,112.08
2015-07-23,0.014133333,8.865,0,16.05955021,0.126728111,0.253701739,187.9386226,2.2278125
2015-07-24,0.014133333,13.36,0,16.09122585,0.131336406,0.262927257,195.0755323,316.265625
2015-07-25,0.014133333,13.41,0,16.12290149,0.1359447,0.272152775,202.212442,307.996875
2015-07-26,0.014133333,13.46,0,16.15457713,0.140552995,0.281378292,209.3493517,299.728125
2015-07-27,0.014133333,13.51,0,16.18625277,0.14516129,0.29060381,216.4862614,291.459375
2015-07-28,0.014133333,12.04566667,0,17.07317073,0.14516129,0.29060381,215.2967765,194.9720833
2015-07-29,0.014133333,10.58133333,0,17.96008869,0.14516129,0.29060381,214.1072915,98.48479167
2015-07-30,0.014133333,9.117,0,18.84700665,0.14516129,0.29060381,212.9178066,1.9975
2015-07-31,0.014133333,13.565,0,19.73392461,0.14516129,0.29060381,211.7283216,261.0085938
2015-08-01,0.014133333,13.58,0,20.62084257,0.14516129,0.29060381,210.5388367,257.7109375
2015-08-02,0.014133333,13.595,0,21.50776053,0.14516129,0.29060381,209.3493517,254.4132813
2015-08-03,0.014133333,13.61,0,22.39467849,0.14516129,0.29060381,208.1598668,251.115625
2015-08-04,0.014133333,13.616,0,23.57459614,0.152073733,0.304442087,205.7808969,247.008125
2015-08-05,0.014133333,13.622,0,24.75451378,0.158986175,0.318280363,203.401927,242.900625
2015-08-06,0.014133333,13.628,0,25.93443142,0.165898618,0.33211864,201.0229571,238.793125
2015-08-07,0.014133333,13.634,0,27.11434907,0.17281106,0.345956917,198.6439872,234.685625
2015-08-08,0.014133333,13.64,0,28.29426671,0.179723502,0.359795194,196.2650172,230.578125
2015-08-09,0.014133333,13.65782609,0,29.47418435,0.186635945,0.37363347,193.8860473,233.3967391
2015-08-10,0.014133333,13.67565217,0,30.654102,0.193548387,0.387471747,191.5070774,236.2153533
2015-08-11,0.014133333,13.69347826,0,29.87804878,0.19124424,0.382858988,190.3175925,239.0339674
2015-08-12,0.014133333,13.71130435,0,29.10199557,0.188940092,0.378246229,189.1281075,241.8525815
2015-08-13,0.014133333,13.72913043,0,28.32594235,0.186635945,0.37363347,187.9386226,244.6711957
2015-08-14,0.014133333,13.74695652,0,27.54988914,0.184331797,0.369020711,186.7491376,247.4898098
2015-08-15,0.014133333,13.76478261,0,26.77383592,0.18202765,0.364407952,185.5596527,250.3084239
2015-08-16,0.014133333,13.7826087,0,25.99778271,0.179723502,0.359795194,184.3701677,253.127038
2015-08-17,0.014133333,13.80043478,0,25.22172949,0.177419355,0.355182435,183.1806828,255.9456522
2015-08-18,0.014133333,13.81826087,0,24.44567627,0.175115207,0.350569676,184.3701677,258.7642663
2015-08-19,0.014133333,13.83608696,0,23.66962306,0.17281106,0.345956917,185.5596527,261.5828804
2015-08-20,0.014133333,13.85391304,0,22.89356984,0.170506912,0.341344158,186.7491376,264.4014946
2015-08-21,0.014133333,13.87173913,0,22.11751663,0.168202765,0.336731399,187.9386226,267.2201087
2015-08-22,0.014133333,13.88956522,0,21.34146341,0.165898618,0.33211864,189.1281075,270.0387228
2015-08-23,0.014133333,13.9073913,0,20.5654102,0.16359447,0.327505881,190.3175925,272.857337
2015-08-24,0.014133333,13.92521739,0,19.78935698,0.161290323,0.322893122,191.5070774,275.6759511
2015-08-25,0.014133333,13.94304348,0,23.97846056,0.184331797,0.369020711,192.6965624,278.4945652
2015-08-26,0.014133333,13.96086957,0,28.16756414,0.207373272,0.4151483,193.8860473,281.3131793
2015-08-27,0.014133333,13.97869565,0,32.35666772,0.230414747,0.461275889,195.0755323,284.1317935
2015-08-28,0.014133333,13.99652174,0,36.5457713,0.253456221,0.507403478,196.2650172,286.9504076
2015-08-29,0.014133333,14.01434783,0,40.73487488,0.276497696,0.553531067,197.4545022,289.7690217
2015-08-30,0.014133333,14.03217391,0,44.92397846,0.299539171,0.599658656,198.6439872,292.5876359
2015-08-31,0.014133333,14.05,0,49.11308204,0.322580645,0.645786245,199.8334721,295.40625
2015-09-01,0.014133333,13.11325,0,48.11529933,0.347926267,0.696526593,201.0229571,222.0763281
2015-09-02,0.014133333,12.1765,0,47.11751663,0.373271889,0.74726694,202.212442,148.7464063
2015-09-03,0.014133333,11.23975,0,46.11973392,0.398617512,0.798007288,203.401927,75.41648438
2015-09-04,0.014133333,10.303,0,45.12195122,0.423963134,0.848747636,204.5914119,2.0865625
2015-09-05,0.014133333,11.612,0,44.12416851,0.449308756,0.899487984,205.7808969,103.3670833
2015-09-06,0.014133333,12.921,0,43.12638581,0.474654378,0.950228332,206.9703818,204.6476042
2015-09-07,0.014133333,14.23,0,42.1286031,0.5,1.000968679,208.1598668,305.928125
2015-09-08,0.014133333,14.25,0,43.53816915,0.476958525,0.95484109,205.7808969,307.2241071
2015-09-09,0.014133333,14.27,0,44.94773519,0.453917051,0.908713502,203.401927,308.5200893
2015-09-10,0.014133333,14.29,0,46.35730124,0.430875576,0.862585913,201.0229571,309.8160714
2015-09-11,0.014133333,14.31,0,47.76686728,0.407834101,0.816458324,198.6439872,311.1120536
2015-09-12,0.014133333,14.33,0,49.17643332,0.384792627,0.770330735,196.2650172,312.4080357
2015-09-13,0.014133333,14.35,0,50.58599937,0.361751152,0.724203146,193.8860473,313.7040179
2015-09-14,0.014133333,14.37,0,51.99556541,0.338709677,0.678075557,191.5070774,315
2015-09-15,0.014133333,13.2365,0,50.82356668,0.331797235,0.66423728,315.2135125,237.0021875
2015-09-16,0.014133333,12.103,0,49.65156794,0.324884793,0.650399004,438.9199477,159.004375
2015-09-17,0.014133333,10.9695,0,48.47956921,0.31797235,0.636560727,562.6263828,81.0065625
2015-09-18,0.014133333,9.836,0,47.30757048,0.311059908,0.62272245,686.3328179,3.00875
2015-09-19,0.014133333,11.40066667,0,46.13557175,0.304147465,0.608884174,810.039253,106.2253125
2015-09-20,0.014133333,12.96533333,0,44.96357301,0.297235023,0.595045897,933.7456881,209.441875
2015-09-21,0.014133333,14.53,0,43.79157428,0.290322581,0.58120762,1057.452123,312.6584375
2015-09-22,0.014133333,14.55428571,0,46.95913842,0.31797235,0.636560727,1049.4231,311.1898214
2015-09-23,0.014133333,14.57857143,0,50.12670257,0.34562212,0.691913834,1041.394076,309.7212054
2015-09-24,0.014133333,14.60285714,0,53.29426671,0.373271889,0.74726694,1033.365053,308.2525893
2015-09-25,0.014133333,14.62714286,0,56.46183085,0.400921659,0.802620047,1025.336029,306.7839732
2015-09-26,0.014133333,14.65142857,0,59.629395,0.428571429,0.857973154,1017.307006,305.3153571
2015-09-27,0.014133333,14.67571429,0,62.79695914,0.456221198,0.91332626,1009.277983,303.8467411
2015-09-28,0.014133333,14.7,0,65.96452328,0.483870968,0.968679367,1001.248959,302.378125
2015-09-29,0.014133333,13.75475,0,56.802344,0.433179724,0.867198672,993.2199358,227.9351563
2015-09-30,0.014133333,12.8095,0,47.64016471,0.382488479,0.765717976,985.1909123,153.4921875
2015-10-01,0.014133333,11.86425,0,38.47798543,0.331797235,0.66423728,977.1618889,79.04921875
2015-10-02,0.014133333,10.919,0,29.31580615,0.281105991,0.562756585,969.1328655,4.60625
2015-10-03,0.014133333,12.69266667,0,20.15362686,0.230414747,0.461275889,961.103842,66.1125
2015-10-04,0.014133333,14.46633333,0,10.99144758,0.179723502,0.359795194,953.0748186,127.61875
2015-10-05,0.014133333,16.24,0,1.829268293,0.129032258,0.258314498,945.0457952,189.125
2015-10-06,0.014133333,16.10142857,0,1.734241368,0.122119816,0.244476221,937.0167717,191.9129464
2015-10-07,0.014133333,15.96285714,0,1.639214444,0.115207373,0.230637945,928.9877483,194.7008929
2015-10-08,0.014133333,15.82428571,0,1.54418752,0.108294931,0.216799668,920.9587249,197.4888393
2015-10-09,0.014133333,15.68571429,0,1.449160596,0.101382488,0.202961391,912.9297014,200.2767857
2015-10-10,0.014133333,15.54714286,0,1.354133671,0.094470046,0.189123115,904.900678,203.0647321
2015-10-11,0.014133333,15.40857143,0,1.259106747,0.087557604,0.175284838,896.8716546,205.8526786
2015-10-12,0.014133333,15.27,0,1.164079823,0.080645161,0.161446561,888.8426311,208.640625
2015-10-13,0.014133333,15.13142857,0,1.069052898,0.073732719,0.147608285,880.8136077,211.4285714
2015-10-14,0.014133333,14.99285714,0,0.974025974,0.066820276,0.133770008,872.7845843,214.2165179
2015-10-15,0.014133333,14.85428571,0,0.87899905,0.059907834,0.119931731,864.7555608,217.0044643
2015-10-16,0.014133333,14.71571429,0,0.783972125,0.052995392,0.106093454,856.7265374,219.7924107
2015-10-17,0.014133333,14.57714286,0,0.688945201,0.046082949,0.092255178,848.697514,222.5803571
2015-10-18,0.014133333,14.43857143,0,0.593918277,0.039170507,0.078416901,840.6684905,225.3683036
2015-10-19,0.014133333,14.3,0,0.498891353,0.032258065,0.064578624,832.6394671,228.15625
2015-10-20,0.014133333,13.9895,0,0.483053532,0.032066052,0.064194228,824.6104437,195.4515625
2015-10-21,0,13.679,0,0.467215711,0.03187404,0.063809831,816.5814202,162.746875
2015-10-22,0.014133333,13.3685,0,0.45137789,0.031682028,0.063425435,808.5523968,130.0421875
2015-10-23,0.014133333,13.058,0,0.43554007,0.031490015,0.063041038,800.5233734,97.3375
2015-10-24,0.014133333,13.93393333,0,0.419702249,0.031298003,0.062656642,792.4943499,242.7083333
2015-10-25,0.014133333,13.78786667,0,0.403864428,0.031105991,0.062272245,784.4653265,244.3229167
2015-10-26,0.014133333,13.6418,0,0.388026608,0.030913978,0.061887848,776.4363031,245.9375
2015-10-27,0.014133333,13.49573333,0,0.372188787,0.030721966,0.061503452,768.4072796,247.5520833
2015-10-28,0.014133333,13.34966667,0,0.356350966,0.030529954,0.061119055,760.3782562,249.1666667
2015-10-29,0.014133333,13.2036,0,0.340513145,0.030337942,0.060734659,752.3492328,250.78125
2015-10-30,0.014133333,13.05753333,0,0.324675325,0.030145929,0.060350262,744.3202093,252.3958333
2015-10-31,0.014133333,12.91146667,0,0.308837504,0.029953917,0.059965866,736.2911859,254.0104167
2015-11-01,0.014133333,12.7654,0,0.292999683,0.029761905,0.059581469,728.2621625,255.625
2015-11-02,0.014133333,12.61933333,0,0.277161863,0.029569892,0.059197072,720.2331391,257.2395833
2015-11-03,0.014133333,12.47326667,0,0.261324042,0.02937788,0.058812676,712.2041156,258.8541667
2015-11-04,0.014133333,12.3272,0,0.245486221,0.029185868,0.058428279,704.1750922,260.46875
2015-11-05,0.014133333,12.18113333,0,0.2296484,0.028993856,0.058043883,696.1460688,262.0833333
2015-11-06,0.014133333,12.03506667,0,0.21381058,0.028801843,0.057659486,688.1170453,263.6979167
2015-11-07,0.014133333,11.889,0,0.197972759,0.028609831,0.05727509,680.0880219,265.3125
2015-11-08,0.014133333,11.74293333,0,0.182134938,0.028417819,0.056890693,672.0589985,266.9270833
2015-11-09,0.014133333,11.59686667,0,0.166297118,0.028225806,0.056506296,664.029975,268.5416667
2015-11-10,0.014133333,11.4508,0,0.166297118,0.028033794,0.0561219,656.0009516,270.15625
2015-11-11,0.014133333,11.30473333,0,0.166297118,0.027841782,0.055737503,647.9719282,271.7708333
2015-11-12,0.014133333,11.15866667,0,0.166297118,0.02764977,0.055353107,639.9429047,273.3854167
2015-11-13,0.014133333,11.0126,0,0.166297118,0.027457757,0.05496871,631.9138813,275
2015-11-14,0.014133333,10.86653333,0,0.166297118,0.027265745,0.054584314,623.8848579,276.6145833
2015-11-15,0.014133333,10.72046667,0,0.166297118,0.027073733,0.054199917,615.8558344,278.2291667
2015-11-16,0.014133333,10.5744,0,0.166297118,0.02688172,0.05381552,607.826811,279.84375
2015-11-17,0.014133333,10.42833333,0,0.166297118,0.026689708,0.053431124,599.7977876,281.4583333
2015-11-18,0.014133333,10.28226667,0,0.166297118,0.026497696,0.053046727,591.7687641,283.0729167
2015-11-19,0.014133333,10.1362,0,0.166297118,0.026305684,0.052662331,583.7397407,284.6875
2015-11-20,0.014133333,9.990133333,0,0.166297118,0.026113671,0.052277934,575.7107173,286.3020833
2015-11-21,0,9.844066667,0,0.166297118,0.025921659,0.051893538,567.6816938,287.9166667
2015-11-22,0,9.698,0,0.166297118,0.025729647,0.051509141,559.6526704,289.53125
2015-11-23,0,9.551933333,0,0.166297118,0.025537634,0.051124744,551.623647,291.1458333
2015-11-24,0,9.405866667,0,0.166297118,0.025345622,0.050740348,543.5946235,292.7604167
2015-11-25,0,9.2598,0,0.166297118,0.02515361,0.050355951,535.5656001,294.375
2015-11-26,0,9.113733333,0,0.166297118,0.024961598,0.049971555,527.5365767,295.9895833
2015-11-27,0,8.967666667,0,0.166297118,0.024769585,0.049587158,519.5075532,297.6041667
2015-11-28,0,8.8216,0,0.166297118,0.024577573,0.049202762,511.4785298,299.21875
2015-11-29,0,8.675533333,0,0.166297118,0.024385561,0.048818365,503.4495064,300.8333333
2015-11-30,0,8.529466667,0,0.166297118,0.024193548,0.048433968,495.4204829,302.4479167
2015-12-01,0,8.3834,0,0.166297118,0.024001536,0.048049572,487.3914595,304.0625
2015-12-02,0,8.237333333,0,0.166297118,0.023809524,0.047665175,479.3624361,305.6770833
2015-12-03,0,8.091266667,0,0.166297118,0.023617512,0.047280779,471.3334126,307.2916667
2015-12-04,0,7.9452,0,0.166297118,0.023425499,0.046896382,463.3043892,308.90625
2015-12-05,0,7.799133333,0,0.166297118,0.023233487,0.046511985,455.2753658,310.5208333
2015-12-06,0,7.653066667,0,0.166297118,0.023041475,0.046127589,447.2463423,312.1354167
2015-12-07,0,7.507,0,0.166297118,0.022849462,0.045743192,439.2173189,313.75
2015-12-08,0,7.521968153,0,0.163129553,0.02265745,0.045358796,431.1882955,314.2629379
2015-12-09,0,7.536936306,0,0.159961989,0.022465438,0.044974399,423.159272,314.7758758
2015-12-10,0,7.551904459,0,0.156794425,0.022273425,0.044590003,415.1302486,315.2888137
2015-12-11,0,7.566872611,0,0.153626861,0.022081413,0.044205606,407.1012252,315.8017516
2015-12-12,0,7.581840764,0,0.150459297,0.021889401,0.043821209,399.0722017,316.3146895
2015-12-13,0,7.596808917,0,0.147291733,0.021697389,0.043436813,391.0431783,316.8276274
2015-12-14,0,7.61177707,0,0.144124169,0.021505376,0.043052416,383.0141549,317.3405653
2015-12-15,0,7.626745223,0,0.140956604,0.021313364,0.04266802,374.9851314,317.8535032
2015-12-16,0,7.641713376,0,0.13778904,0.021121352,0.042283623,366.956108,318.3664411
2015-12-17,0,7.656681529,0,0.134621476,0.020929339,0.041899227,358.9270846,318.879379
2015-12-18,0,7.671649682,0,0.131453912,0.020737327,0.04151483,350.8980611,319.3923169
2015-12-19,0,7.686617834,0,0.128286348,0.020545315,0.041130433,342.8690377,319.9052548
2015-12-20,0,7.701585987,0,0.125118784,0.020353303,0.040746037,334.8400143,320.4181927
2015-12-21,0,7.71655414,0,0.12195122,0.02016129,0.04036164,326.8109908,320.9311306
2015-12-22,0,7.731522293,0,0.118783655,0.019969278,0.039977244,318.7819674,321.4440685
2015-12-23,0,7.746490446,0,0.115616091,0.019777266,0.039592847,310.752944,321.9570064
2015-12-24,0,7.761458599,0,0.112448527,0.019585253,0.039208451,302.7239205,322.4699443
2015-12-25,0,7.776426752,0,0.109280963,0.019393241,0.038824054,294.6948971,322.9828822
2015-12-26,0,7.791394904,0,0.106113399,0.019201229,0.038439657,286.6658737,323.4958201
2015-12-27,0,7.806363057,0,0.102945835,0.019009217,0.038055261,278.6368502,324.008758
2015-12-28,0,7.82133121,0,0.099778271,0.018817204,0.037670864,270.6078268,324.5216959
2015-12-29,0,7.836299363,0,0.096610706,0.018625192,0.037286468,262.5788034,325.0346338
2015-12-30,0,7.851267516,0,0.093443142,0.01843318,0.036902071,254.5497799,325.5475717
2015-12-31,0,7.866235669,0,0.090275578,0.018241167,0.036517675,246.5207565,326.0605096
2016-01-01,0,7.881203822,0,0.087108014,0.018049155,0.036133278,238.4917331,326.5734475
2016-01-02,0,7.896171975,0,0.08394045,0.017857143,0.035748881,230.4627096,327.0863854
2016-01-03,0,7.911140127,0,0.080772886,0.017665131,0.035364485,222.4336862,327.5993232
2016-01-04,0,7.92610828,0,0.077605322,0.017473118,0.034980088,214.4046628,328.1122611
2016-01-05,0,7.941076433,0,0.074437757,0.017281106,0.034595692,206.3756393,328.625199
2016-01-06,0,7.956044586,0,0.071270193,0.017089094,0.034211295,198.3466159,329.1381369
2016-01-07,0,7.971012739,0,0.068102629,0.016897081,0.033826899,190.3175925,329.6510748
2016-01-08,0,7.985980892,0,0.064935065,0.016705069,0.033442502,182.288569,330.1640127
2016-01-09,0,8.000949045,0,0.061767501,0.016513057,0.033058105,174.2595456,330.6769506
2016-01-10,0,8.015917197,0,0.058599937,0.016321045,0.032673709,166.2305222,331.1898885
2016-01-11,0,8.03088535,0,0.055432373,0.016129032,0.032289312,158.2014988,331.7028264
2016-01-12,0,8.045853503,0,0.170731707,0.032258065,0.064578624,156.8692756,332.2157643
2016-01-13,0,8.060821656,0,0.286031042,0.048387097,0.096867937,155.5370525,332.7287022
2016-01-14,0,8.075789809,0,0.401330377,0.064516129,0.129157249,154.2048293,333.2416401
2016-01-15,0,8.090757962,0,0.516629712,0.080645161,0.161446561,152.8726062,333.754578
2016-01-16,0,8.105726115,0,0.631929047,0.096774194,0.193735873,151.540383,334.2675159
2016-01-17,0,8.120694268,0,0.747228381,0.112903226,0.226025186,150.2081599,334.7804538
2016-01-18,0,8.13566242,0,0.862527716,0.129032258,0.258314498,148.8759367,335.2933917
2016-01-19,0,8.150630573,0,0.977827051,0.14516129,0.29060381,147.5437136,335.8063296
2016-01-20,0,8.165598726,0,1.093126386,0.161290323,0.322893122,146.2114904,336.3192675
2016-01-21,0,8.180566879,0,1.208425721,0.177419355,0.355182435,144.8792673,336.8322054
2016-01-22,0,8.195535032,0,1.323725055,0.193548387,0.387471747,143.5470441,337.3451433
2016-01-23,0,8.210503185,0,1.43902439,0.209677419,0.419761059,142.214821,337.8580812
2016-01-24,0,8.225471338,0,1.554323725,0.225806452,0.452050371,140.8825978,338.3710191
2016-01-25,0,8.24043949,0,1.66962306,0.241935484,0.484339684,139.5503747,338.883957
2016-01-26,0,8.255407643,0,1.784922395,0.258064516,0.516628996,138.2181515,339.3968949
2016-01-27,0,8.270375796,0,1.900221729,0.274193548,0.548918308,136.8859284,339.9098328
2016-01-28,0,8.285343949,0,2.015521064,0.290322581,0.58120762,135.5537052,340.4227707
2016-01-29,0,8.300312102,0,2.130820399,0.306451613,0.613496933,134.2214821,340.9357086
2016-01-30,0,8.315280255,0,2.246119734,0.322580645,0.645786245,132.889259,341.4486465
2016-01-31,0,8.330248408,0,2.361419069,0.338709677,0.678075557,131.5570358,341.9615844
2016-02-01,0,8.345216561,0,2.476718404,0.35483871,0.710364869,130.2248127,342.4745223
2016-02-02,0,8.360184713,0,2.592017738,0.370967742,0.742654181,128.8925895,342.9874602
2016-02-03,0,8.375152866,0,2.707317073,0.387096774,0.774943494,127.5603664,343.5003981
2016-02-04,0,8.390121019,0,2.822616408,0.403225806,0.807232806,126.2281432,344.013336
2016-02-05,0,8.405089172,0,2.937915743,0.419354839,0.839522118,124.8959201,344.5262739
2016-02-06,0,8.420057325,0,2.895828201,0.412783751,0.826367213,125.51269,345.0392118
2016-02-07,0,8.435025478,0,2.853740659,0.406212664,0.813212308,126.12946,345.5521497
2016-02-08,0,8.449993631,0,2.811653117,0.399641577,0.800057403,126.74623,346.0650876
2016-02-09,0,8.464961783,0,2.769565574,0.39307049,0.786902498,127.363,346.5780255
2016-02-10,0,8.479929936,0,2.727478032,0.386499403,0.773747593,127.9797699,347.0909634
2016-02-11,0,8.494898089,0,2.68539049,0.379928315,0.760592688,128.5965399,347.6039013
2016-02-12,0,8.509866242,0,2.643302948,0.373357228,0.747437783,129.2133099,348.1168392
2016-02-13,0,8.524834395,0,2.601215406,0.366786141,0.734282878,129.8300799,348.6297771
2016-02-14,0,8.539802548,0,2.559127864,0.360215054,0.721127973,130.4468498,349.142715
2016-02-15,0,8.554770701,0,2.517040322,0.353643967,0.707973068,131.0636198,349.6556529
2016-02-16,0,8.569738854,0,2.47495278,0.347072879,0.694818163,131.6803898,350.1685908
2016-02-17,0,8.584707006,0,2.432865238,0.340501792,0.681663258,132.2971598,350.6815287
2016-02-18,0,8.599675159,0,2.390777696,0.333930705,0.668508353,132.9139297,351.1944666
2016-02-19,0,8.614643312,0,2.348690154,0.327359618,0.655353448,133.5306997,351.7074045
2016-02-20,0,8.629611465,0,2.306602611,0.32078853,0.642198543,134.1474697,352.2203424
2016-02-21,0,8.644579618,0,2.264515069,0.314217443,0.629043638,134.7642397,352.7332803
2016-02-22,0,8.659547771,0,2.222427527,0.307646356,0.615888733,135.3810097,353.2462182
2016-02-23,0,8.674515924,0,2.180339985,0.301075269,0.602733828,135.9977796,353.7591561
2016-02-24,0,8.689484076,0,2.138252443,0.294504182,0.589578923,136.6145496,354.2720939
2016-02-25,0,8.704452229,0,2.096164901,0.287933094,0.576424018,137.2313196,354.7850318
2016-02-26,0,8.719420382,0,2.054077359,0.281362007,0.563269113,137.8480896,355.2979697
2016-02-27,0,8.734388535,0,2.011989817,0.27479092,0.550114208,138.4648595,355.8109076
2016-02-28,0,8.749356688,0,1.969902275,0.268219833,0.536959304,139.0816295,356.3238455
2016-02-29,0,8.764324841,0,1.927814733,0.261648746,0.523804399,139.6983995,356.8367834
2016-03-01,0,8.779292994,0,1.885727191,0.255077658,0.510649494,140.3151695,357.3497213
2016-03-02,0,8.794261146,0,1.843639649,0.248506571,0.497494589,140.9319394,357.8626592
2016-03-03,0,8.809229299,0,1.801552106,0.241935484,0.484339684,141.5487094,358.3755971
2016-03-04,0,8.824197452,0,1.759464564,0.235364397,0.471184779,142.1654794,358.888535
2016-03-05,0,8.839165605,0,1.717377022,0.228793309,0.458029874,142.7822494,359.4014729
2016-03-06,0,8.854133758,0,1.67528948,0.222222222,0.444874969,143.3990193,359.9144108
2016-03-07,0,8.869101911,0,1.633201938,0.215651135,0.431720064,144.0157893,360.4273487
2016-03-08,0,8.884070064,0,1.591114396,0.209080048,0.418565159,144.6325593,360.9402866
2016-03-09,0,8.899038217,0,1.549026854,0.202508961,0.405410254,145.2493293,361.4532245
2016-03-10,0,8.914006369,0,1.506939312,0.195937873,0.392255349,145.8660992,361.9661624
2016-03-11,0,8.928974522,0,1.46485177,0.189366786,0.379100444,146.4828692,362.4791003
2016-03-12,0,8.943942675,0,1.422764228,0.182795699,0.365945539,147.0996392,362.9920382
2016-03-13,0,8.958910828,0,1.380676686,0.176224612,0.352790634,147.7164092,363.5049761
2016-03-14,0,8.973878981,0,1.338589143,0.169653524,0.339635729,148.3331791,364.017914
2016-03-15,0,8.988847134,0,1.296501601,0.163082437,0.326480824,148.9499491,364.5308519
2016-03-16,0,9.003815287,0,1.254414059,0.15651135,0.313325919,149.5667191,365.0437898
2016-03-17,0,9.018783439,0,1.212326517,0.149940263,0.300171014,150.1834891,365.5567277
2016-03-18,0,9.033751592,0,1.170238975,0.143369176,0.287016109,150.800259,366.0696656
2016-03-19,0,9.048719745,0,1.128151433,0.136798088,0.273861204,151.417029,366.5826035
2016-03-20,0,9.063687898,0,1.086063891,0.130227001,0.260706299,152.033799,367.0955414
2016-03-21,0,9.078656051,0,1.043976349,0.123655914,0.247551394,152.650569,367.6084793
2016-03-22,0,9.093624204,0,1.001888807,0.117084827,0.234396489,153.2673389,368.1214172
2016-03-23,0,9.108592357,0,0.959801265,0.11051374,0.221241584,153.8841089,368.6343551
2016-03-24,0,9.12356051,0,0.917713723,0.103942652,0.208086679,154.5008789,369.147293
2016-03-25,0,9.138528662,0,0.875626181,0.097371565,0.194931774,155.1176489,369.6602309
2016-03-26,0,9.153496815,0,0.833538638,0.090800478,0.181776869,155.7344188,370.1731688
2016-03-27,0,9.168464968,0,0.791451096,0.084229391,0.168621964,156.3511888,370.6861067
2016-03-28,0,9.183433121,0,0.749363554,0.077658303,0.155467059,156.9679588,371.1990446
2016-03-29,0,9.198401274,0,0.707276012,0.071087216,0.142312154,157.5847288,371.7119825
2016-03-30,0,9.213369427,0,0.66518847,0.064516129,0.129157249,158.2014988,372.2249204
2016-03-31,0,9.22833758,0,0.632852919,0.063172043,0.126466473,152.650569,372.7378583
2016-04-01,0,9.243305732,0,0.600517369,0.061827957,0.123775697,147.0996392,373.2507962
2016-04-02,0,9.258273885,0,0.568181818,0.060483871,0.121084921,141.5487094,373.7637341
2016-04-03,0,9.273242038,0,0.535846268,0.059139785,0.118394145,135.9977796,374.276672
2016-04-04,0,9.288210191,0,0.503510717,0.057795699,0.115703369,130.4468498,374.7896099
2016-04-05,0,9.303178344,0,0.471175166,0.056451613,0.113012593,124.8959201,375.3025478
2016-04-06,0,9.318146497,0,0.438839616,0.055107527,0.110321817,126.2836525,375.8154857
2016-04-07,0,9.33311465,0,0.406504065,0.053763441,0.107631041,127.671385,376.3284236
2016-04-08,0,9.348082803,0,0.374168514,0.052419355,0.104940265,129.0591174,376.8413615
2016-04-09,0,9.363050955,0,0.341832964,0.051075269,0.102249489,130.4468498,377.3542994
2016-04-10,0,9.378019108,0,0.309497413,0.049731183,0.099558713,131.8345823,377.8672373
2016-04-11,0,9.392987261,0,0.277161863,0.048387097,0.096867937,133.2223147,378.3801752
2016-04-12,0,9.407955414,0,0.308837504,0.046082949,0.092255178,132.0328298,378.8931131
2016-04-13,0,9.422923567,0,0.340513145,0.043778802,0.087642419,130.8433448,379.406051
2016-04-14,0,9.43789172,0,0.372188787,0.041474654,0.08302966,129.6538599,379.9189889
2016-04-15,0,9.452859873,0,0.403864428,0.039170507,0.078416901,128.4643749,380.4319268
2016-04-16,0.0126,9.467828025,0,0.43554007,0.036866359,0.073804142,127.27489,380.9448646
2016-04-17,0.0126,9.482796178,0,0.467215711,0.034562212,0.069191383,126.085405,381.4578025
2016-04-18,0.0126,9.497764331,0,0.498891353,0.032258065,0.064578624,124.8959201,381.9707404
2016-04-19,0.0126,9.512732484,0,0.585999366,0.036866359,0.073804142,127.27489,382.4836783
2016-04-20,0.0126,9.527700637,0,0.67310738,0.041474654,0.08302966,129.6538599,382.9966162
2016-04-21,0.0126,9.54266879,0,0.760215394,0.046082949,0.092255178,132.0328298,383.5095541
2016-04-22,0.0126,9.557636943,0,0.847323408,0.050691244,0.101480696,134.4117997,384.022492
2016-04-23,0.0126,9.572605096,0,0.934431422,0.055299539,0.110706213,136.7907696,384.5354299
2016-04-24,0.0126,9.587573248,0,1.021539436,0.059907834,0.119931731,139.1697395,385.0483678
2016-04-25,0.0126,9.602541401,0,1.10864745,0.064516129,0.129157249,141.5487094,385.5613057
2016-04-26,0.0126,9.617509554,0,1.219512195,0.071428571,0.142995526,141.5487094,386.0742436
2016-04-27,0.0126,9.632477707,0,1.33037694,0.078341014,0.156833802,141.5487094,386.5871815
2016-04-28,0.0126,9.64744586,0,1.441241685,0.085253456,0.170672079,141.5487094,387.1001194
2016-04-29,0.0126,9.662414013,0,1.55210643,0.092165899,0.184510356,141.5487094,387.6130573
2016-04-30,0.0126,9.677382166,0,1.662971175,0.099078341,0.198348632,141.5487094,388.1259952
2016-05-01,0.0126,9.692350318,0,1.77383592,0.105990783,0.212186909,141.5487094,388.6389331
2016-05-02,0.0126,9.707318471,0,1.884700665,0.112903226,0.226025186,141.5487094,389.151871
2016-05-03,0.0126,9.722286624,0,1.884700665,0.122119816,0.244476221,142.7381944,389.6648089
2016-05-04,0.0126,9.737254777,0,1.884700665,0.131336406,0.262927257,143.9276793,390.1777468
2016-05-05,0.0126,9.75222293,0,1.884700665,0.140552995,0.281378292,145.1171643,390.6906847
2016-05-06,0.0126,9.767191083,0,1.884700665,0.149769585,0.299829328,146.3066492,391.2036226
2016-05-07,0.0126,9.782159236,0,1.884700665,0.158986175,0.318280363,147.4961342,391.7165605
2016-05-08,0.0126,9.797127389,0,1.884700665,0.168202765,0.336731399,148.6856191,392.2294984
2016-05-09,0.0126,9.812095541,0,1.884700665,0.177419355,0.355182435,149.8751041,392.7424363
2016-05-10,0.0126,9.827063694,0,1.662971175,0.17281106,0.345956917,146.3066492,393.2553742
2016-05-11,0.0126,9.842031847,0,1.441241685,0.168202765,0.336731399,142.7381944,393.7683121
2016-05-12,0.0126,9.857,0,1.219512195,0.16359447,0.327505881,139.1697395,394.28125
2016-05-13,0.0126,9.92025,0,0.997782705,0.158986175,0.318280363,135.6012846,396.3515625
2016-05-14,0.0126,9.9835,0,0.776053215,0.15437788,0.309054846,132.0328298,398.421875
2016-05-15,0.0126,10.04675,0,0.554323725,0.149769585,0.299829328,128.4643749,400.4921875
2016-05-16,0.0126,10.11,0,0.332594235,0.14516129,0.29060381,124.8959201,402.5625
2016-05-17,0.0126,10.13666667,0,0.308837504,0.133640553,0.267540016,121.3274652,405.0104167
2016-05-18,0.0126,10.16333333,0,0.285080773,0.122119816,0.244476221,117.7590103,407.4583333
2016-05-19,0.0126,10.19,0,0.261324042,0.110599078,0.221412427,114.1905555,409.90625
2016-05-20,0.0126,10.2275,0,0.237567311,0.099078341,0.198348632,110.6221006,412.9609375
2016-05-21,0.0126,10.265,0,0.21381058,0.087557604,0.175284838,107.0536458,416.015625
2016-05-22,0.0126,10.3025,0,0.190053849,0.076036866,0.152221043,103.4851909,419.0703125
2016-05-23,0.0126,10.34,0,0.166297118,0.064516129,0.129157249,99.91673605,422.125
2016-05-24,0.0126,10.37,0,0.205891669,0.069124424,0.138382767,104.6746759,426.5625
2016-05-25,0.0126,10.4,0,0.245486221,0.073732719,0.147608285,109.4326157,431
2016-05-26,0.0126,10.43,0,0.285080773,0.078341014,0.156833802,114.1905555,435.4375
2016-05-27,0.0126,10.48333333,0,0.324675325,0.082949309,0.16605932,118.9484953,441.03125
2016-05-28,0.0126,10.53666667,0,0.364269876,0.087557604,0.175284838,123.7064351,446.625
2016-05-29,0.0126,10.59,0,0.403864428,0.092165899,0.184510356,128.4643749,452.21875
2016-05-30,0.0126,10.63,0,0.554323725,0.080645161,0.161446561,133.2223147,449.75
2016-05-31,0.0126,10.7,0,0.554323725,0.080645161,0.161446561,124.8959201,454.375
2016-06-01,0.0126,10.76,0,0.748337029,0.088709677,0.177591217,129.0591174,468.96875
2016-06-02,0.0126,10.83,0,0.942350333,0.096774194,0.193735873,133.2223147,471.15625
2016-06-03,0.0126,10.92,0,0.845343681,0.096774194,0.193735873,131.1407161,469.65625
2016-06-04,0.0126,10.98666667,0,0.748337029,0.096774194,0.193735873,129.0591174,470.7916667
2016-06-05,0.0126,11.05333333,0,0.651330377,0.096774194,0.193735873,126.9775187,471.9270833
2016-06-06,0.0126,11.12,0,0.554323725,0.096774194,0.193735873,124.8959201,473.0625
2016-06-07,0.0126,11.27,0,0.538485904,0.101382488,0.202961391,122.5169502,475.125
2016-06-08,0.0126,11.27,0,0.522648084,0.105990783,0.212186909,120.1379803,478.3125
2016-06-09,0.0126,11.32,0,0.506810263,0.110599078,0.221412427,117.7590103,474.59375
2016-06-10,0.0126,11.3725,0,0.490972442,0.115207373,0.230637945,115.3800404,468.3515625
2016-06-11,0.0126,11.425,0,0.475134621,0.119815668,0.239863462,113.0010705,462.109375
2016-06-12,0.0126,11.4775,0,0.459296801,0.124423963,0.24908898,110.6221006,455.8671875
2016-06-13,0.0126,11.53,0,0.44345898,0.129032258,0.258314498,108.2431307,449.625
2016-06-14,0.0126,11.57428571,0,0.522648084,0.126728111,0.253701739,108.2431307,446.6607143
2016-06-15,0.0126,11.61857143,0,0.601837187,0.124423963,0.24908898,108.2431307,443.6964286
2016-06-16,0.0126,11.66285714,0,0.681026291,0.122119816,0.244476221,108.2431307,440.7321429
2016-06-17,0.0126,11.70714286,0,0.760215394,0.119815668,0.239863462,108.2431307,437.7678571
2016-06-18,0.0126,11.75142857,0,0.839404498,0.117511521,0.235250703,108.2431307,434.8035714
2016-06-19,0.0126,11.79571429,0,0.918593602,0.115207373,0.230637945,108.2431307,431.8392857
2016-06-20,0.0126,11.84,0,0.997782705,0.112903226,0.226025186,108.2431307,428.875
2016-06-21,0.0126,11.88,0,1.10864745,0.126728111,0.253701739,111.8115856,424.0625
2016-06-22,0.0126,11.92,0,1.219512195,0.140552995,0.281378292,115.3800404,419.25
2016-06-23,0.0126,11.96,0,1.33037694,0.15437788,0.309054846,118.9484953,414.4375
2016-06-24,0.0126,12.00333333,0,1.441241685,0.168202765,0.336731399,122.5169502,411.15625
2016-06-25,0.0126,12.04666667,0,1.55210643,0.18202765,0.364407952,126.085405,407.875
2016-06-26,0.0126,12.09,0,1.662971175,0.195852535,0.392084506,129.6538599,404.59375
2016-06-27,0.0126,12.05,0,1.77383592,0.209677419,0.419761059,133.2223147,400.84375
2016-06-28,0.0126,12.16,0,2.328159645,0.290322581,0.58120762,99.91673605,376.125
2016-06-29,0.0126,12.23,0,1.940133038,0.241935484,0.484339684,108.2431307,389.390625
2016-06-30,0.0126,12.3,0,1.55210643,0.193548387,0.387471747,116.5695254,393.71875
2016-07-01,0.0126,12.972,0,1.640798226,0.216129032,0.432676784,119.9000833,321.9
2016-07-02,0.0126,12.884,0,1.729490022,0.238709677,0.477881821,123.2306411,335.175
2016-07-03,0.0126,12.796,0,1.818181818,0.261290323,0.523086858,126.561199,348.45
2016-07-04,0.0126,12.708,0,1.906873614,0.283870968,0.568291895,129.8917569,361.725
2016-07-05,0.0126,12.62,0,1.99556541,0.306451613,0.613496933,133.2223147,375
2016-07-06,0.0126,12.67,0,1.967849224,0.301075269,0.602733828,129.0591174,376.25
2016-07-07,0.0126,12.72,0,1.940133038,0.295698925,0.591970724,124.8959201,377.5
2016-07-08,0.0126,12.7725,0,1.912416851,0.290322581,0.58120762,120.7327227,369.9023438
2016-07-09,0.0126,12.825,0,1.884700665,0.284946237,0.570444516,116.5695254,362.3046875
2016-07-10,0.0126,12.8775,0,1.856984479,0.279569892,0.559681412,112.4063281,354.7070313
2016-07-11,0.0126,12.93,0,1.829268293,0.274193548,0.548918308,108.2431307,347.109375
2016-07-12,0.0126,12.98666667,0,1.623376623,0.267281106,0.535080031,109.4326157,339.96875
2016-07-13,0.0126,13.04333333,0,1.417484954,0.260368664,0.521241755,110.6221006,332.828125
2016-07-14,0.0126,13.1,0,1.211593285,0.253456221,0.507403478,111.8115856,325.6875
2016-07-15,0.0126,13.1575,0,1.005701615,0.246543779,0.493565201,113.0010705,318.0507813
2016-07-16,0.0126,13.215,0,0.799809946,0.239631336,0.479726925,114.1905555,310.4140625
2016-07-17,0.0126,13.2725,0,0.593918277,0.232718894,0.465888648,115.3800404,302.7773438
2016-07-18,0.0126,13.33,0,0.388026608,0.225806452,0.452050371,116.5695254,295.140625
2016-07-19,0.0126,13.38333333,0,0.372188787,0.200460829,0.401310024,114.1905555,294.196875
2016-07-20,0.0126,13.41666667,0,0.356350966,0.175115207,0.350569676,111.8115856,289.234375
2016-07-21,0.0126,13.45,0,0.340513145,0.149769585,0.299829328,109.4326157,284.271875
2016-07-22,0.0126,13.47,0,0.324675325,0.124423963,0.24908898,107.0536458,282.9723958
2016-07-23,0.0126,13.49,0,0.308837504,0.099078341,0.198348632,104.6746759,281.6729167
2016-07-24,0.0126,13.51,0,0.292999683,0.073732719,0.147608285,102.295706,280.3734375
2016-07-25,0.013133333,13.53,0,0.277161863,0.048387097,0.096867937,99.91673605,275.296875
2016-07-26,0.013133333,13.65,0,0.304878049,0.040322581,0.080723281,124.8959201,273.365625
2016-07-27,0.014333333,13.76,0,0.388026608,0.032258065,0.064578624,116.5695254,282.8234375
2016-07-28,0.014333333,13.87,0,0.487804878,0.032258065,0.064578624,119.9000833,292.28125
2016-07-29,0.014333333,13.9775,0,0.587583149,0.032258065,0.064578624,123.2306411,307.8210938
2016-07-30,0.014333333,14.085,0,0.687361419,0.032258065,0.064578624,126.561199,323.3609375
2016-07-31,0.014333333,14.1925,0,0.78713969,0.032258065,0.064578624,129.8917569,338.9007813
2016-08-01,0.014333333,14.3,0,0.88691796,0.032258065,0.064578624,133.2223147,354.440625
2016-08-02,0.014333333,14.36714286,0,0.89483687,0.02764977,0.055353107,133.2223147,362.3483929
2016-08-03,0.014333333,14.44428571,0,0.902755781,0.023041475,0.046127589,133.2223147,372.4549107
2016-08-04,0.014333333,14.52142857,0,0.910674691,0.01843318,0.036902071,133.2223147,382.5614286
2016-08-05,0.014333333,14.59857143,0,0.918593602,0.013824885,0.027676553,133.2223147,392.6679464
2016-08-06,0.014333333,14.67571429,0,0.926512512,0.00921659,0.018451036,133.2223147,402.7744643
2016-08-07,0.014333333,14.75285714,0,0.934431422,0.004608295,0.009225518,133.2223147,412.8809821
2016-08-08,0.014333333,14.83,0,0.942350333,0,0,133.2223147,422.9875
2016-08-09,0.014333333,14.89,0,1.591700982,0.025345622,0.050740348,153.4435589,433.1014583
2016-08-10,0.014333333,14.95,0,2.241051631,0.050691244,0.101480696,173.6648031,443.2154167
2016-08-11,0.014333333,15.01,0,2.890402281,0.076036866,0.152221043,193.8860473,453.329375
2016-08-12,0.014333333,15.07,0,3.53975293,0.101382488,0.202961391,214.1072915,458.0166406
2016-08-13,0.014333333,15.13,0,4.189103579,0.126728111,0.253701739,234.3285357,462.7039063
2016-08-14,0.014333333,15.19,0,4.838454229,0.152073733,0.304442087,254.5497799,467.3911719
2016-08-15,0.014333333,15.25,0,5.487804878,0.177419355,0.355182435,274.7710241,472.0784375
2016-08-16,0.014333333,15.3,0,6.415037291,0.212609971,0.425631843,283.8543638,478.4933333
2016-08-17,0.014333333,15.35,0,7.342269704,0.247800587,0.496081252,292.9377034,484.9082292
2016-08-18,0.014333333,15.4,0,8.269502117,0.282991202,0.56653066,302.0210431,491.323125
2016-08-19,0.014333333,15.444,0,9.196734529,0.318181818,0.636980069,311.1043827,492.8765625
2016-08-20,0.014333333,15.488,0,10.12396694,0.353372434,0.707429477,320.1877224,494.43
2016-08-21,0.014333333,15.532,0,11.05119935,0.38856305,0.777878886,329.271062,495.9834375
2016-08-22,0.014333333,15.576,0,11.97843177,0.423753666,0.848328294,338.3544016,497.536875
2016-08-23,0.014333333,15.62,0,12.90566418,0.458944282,0.918777703,347.4377413,499.0903125
2016-08-24,0.014333333,15.66333333,0,13.83289659,0.494134897,0.989227111,356.5210809,503.255
2016-08-25,0.014333333,15.70666667,0,14.76012901,0.529325513,1.05967652,365.6044206,507.4196875
2016-08-26,0.014333333,15.75,0,15.68736142,0.564516129,1.130125928,374.6877602,511.584375
2016-08-27,0.014333333,15.78428571,0,15.34684827,0.582949309,1.167027999,342.5716665,513.7650893
2016-08-28,0.014333333,15.81857143,0,15.00633513,0.601382488,1.203930071,310.4555727,507.4554911
2016-08-29,0.014333333,15.85285714,0,14.66582198,0.619815668,1.240832142,278.339479,501.1458929
2016-08-30,0.014333333,15.88714286,0,14.32530884,0.638248848,1.277734213,246.2233853,494.8362946
2016-08-31,0.014333333,15.92142857,0,13.98479569,0.656682028,1.314636284,214.1072915,488.5266964
2016-09-01,0.014333333,15.95571429,0,13.64428255,0.675115207,1.351538355,181.9911978,482.2170982
2016-09-02,0.014333333,15.99,0,13.3037694,0.693548387,1.388440426,149.8751041,475.9075
2016-09-03,0.014333333,16.0175,0,13.58093126,0.728110599,1.45763181,149.8751041,473.7267969
2016-09-04,0.014333333,16.045,0,13.85809313,0.762672811,1.526823193,149.8751041,471.5460938
2016-09-05,0.014333333,16.0725,0,14.13525499,0.797235023,1.596014576,149.8751041,469.3653906
2016-09-06,0.014333333,16.1,0,14.41241685,0.831797235,1.66520596,149.8751041,467.1846875
2016-09-07,0.014333333,16.11333333,0,14.68957871,0.866359447,1.734397343,149.8751041,466.5959375
2016-09-08,0.014333333,16.12666667,0,14.96674058,0.900921659,1.803588726,149.8751041,466.0071875
2016-09-09,0.014333333,16.14,0,15.24390244,0.935483871,1.87278011,149.8751041,465.4184375
2016-09-10,0.014333333,16.16857143,0,14.79540415,0.957478006,1.91681099,156.6876088,455.8202679
2016-09-11,0.014333333,16.19714286,0,14.34690587,0.979472141,1.96084187,163.5001135,446.2220982
2016-09-12,0.014333333,16.22571429,0,13.89840758,1.001466276,2.004872751,170.3126183,436.6239286
2016-09-13,0.014333333,16.25428571,0,13.44990929,1.023460411,2.048903631,177.125123,427.0257589
2016-09-14,0.014333333,16.28285714,0,13.00141101,1.045454545,2.092934511,183.9376277,417.4275893
2016-09-15,0.014333333,16.31142857,0,12.55291272,1.06744868,2.136965392,190.7501325,407.8294196
2016-09-16,0.014333333,16.34,0,12.10441443,1.089442815,2.180996272,197.5626372,398.23125
2016-09-17,0.014333333,16.34,0,11.65591615,1.11143695,2.225027152,204.3751419,393.009375
2016-09-18,0.014333333,16.367,0,11.20741786,1.133431085,2.269058033,211.1876467,378.6196875
2016-09-19,0.014333333,16.394,0,10.75891957,1.15542522,2.313088913,218.0001514,364.23
2016-09-20,0.014333333,16.421,0,10.31042129,1.177419355,2.357119793,224.8126561,349.8403125
2016-09-21,0.014333333,16.448,0,10.49889135,1.183870968,2.370035518,253.9550375,335.450625
2016-09-22,0.014333333,16.475,0,10.68736142,1.190322581,2.382951243,283.0974188,321.0609375
2016-09-23,0.014333333,16.502,0,10.87583149,1.196774194,2.395866968,312.2398002,306.67125
2016-09-24,0.014333333,16.529,0,11.06430155,1.203225806,2.408782693,341.3821815,292.2815625
2016-09-25,0.014333333,16.556,0,11.25277162,1.209677419,2.421698418,370.5245629,277.891875
2016-09-26,0.014333333,16.583,0,11.44124169,1.216129032,2.434614143,399.6669442,263.5021875
2016-09-27,0.014333333,16.61,0,11.62971175,1.222580645,2.447529868,428.8093256,249.1125
2016-09-28,0.014333333,16.62333333,0,11.81818182,1.229032258,2.460445593,457.9517069,245.234375
2016-09-29,0.014333333,16.63666667,0,12.00665188,1.235483871,2.473361317,487.0940883,241.35625
2016-09-30,0.014333333,16.65,0,12.19512195,1.241935484,2.486277042,516.2364696,237.478125
2016-10-01,0.014333333,16.834,0,10.88850174,1.103686636,2.209511509,473.4150113,207.6904375
2016-10-02,0.014333333,17.018,0,9.581881533,0.965437788,1.932745975,430.593553,177.90275
2016-10-03,0.014333333,17.202,0,8.275261324,0.82718894,1.655980442,387.7720947,148.1150625
2016-10-04,0.014333333,17.386,0,6.968641115,0.688940092,1.379214908,344.9506364,118.327375
2016-10-05,0.014333333,17.57,0,5.662020906,0.550691244,1.102449375,302.1291781,88.5396875
2016-10-06,0.014333333,17.93,0,4.355400697,0.412442396,0.825683842,259.3077198,55.159375
2016-10-07,0.014333333,18.71,0,3.048780488,0.274193548,0.548918308,216.4862614,113.8125
2016-10-08,0.014333333,18.23,0,2.724105163,0.246543779,0.493565201,218.8652314,149.046875
2016-10-09,0.014333333,17.68,0,2.399429838,0.218894009,0.438212095,221.2442013,177.84375
2016-10-10,0.014333333,17.13,0,2.074754514,0.19124424,0.382858988,223.6231712,206.640625
2016-10-11,0.014333333,16.58,0,1.750079189,0.16359447,0.327505881,226.0021411,235.4375
2016-10-12,0.014333333,16.43333333,0,1.425403864,0.1359447,0.272152775,228.381111,237.8333333
2016-10-13,0.014333333,16.28666667,0,1.10072854,0.108294931,0.216799668,230.7600809,240.2291667
2016-10-14,0.014333333,16.14,0,0.776053215,0.080645161,0.161446561,233.1390508,242.625
2016-10-15,0.014333333,16.05904762,0,0.765494668,0.079109063,0.158371389,232.3460608,239.7232143
2016-10-16,0.014333333,15.97809524,0,0.754936121,0.077572965,0.155296216,231.5530709,236.8214286
2016-10-17,0.014333333,15.89714286,0,0.744377574,0.076036866,0.152221043,230.7600809,233.9196429
2016-10-18,0.014333333,15.81619048,0,0.733819027,0.074500768,0.149145871,229.9670909,231.0178571
2016-10-19,0.014333333,15.7352381,0,0.723260479,0.07296467,0.146070698,229.1741009,228.1160714
2016-10-20,0.014333333,15.65428571,0,0.712701932,0.071428571,0.142995526,228.381111,225.2142857
2016-10-21,0.014333333,15.57333333,0,0.702143385,0.069892473,0.139920353,227.588121,222.3125
2016-10-22,0.014333333,15.49238095,0,0.691584838,0.068356375,0.13684518,226.795131,219.4107143
2016-10-23,0.014333333,15.41142857,0,0.681026291,0.066820276,0.133770008,226.0021411,216.5089286
2016-10-24,0.014333333,15.33047619,0,0.670467744,0.065284178,0.130694835,225.2091511,213.6071429
2016-10-25,0.014333333,15.24952381,0,0.659909196,0.06374808,0.127619663,224.4161611,210.7053571
2016-10-26,0.014333333,15.16857143,0,0.649350649,0.062211982,0.12454449,223.6231712,207.8035714
2016-10-27,0.014333333,15.08761905,0,0.638792102,0.060675883,0.121469317,222.8301812,204.9017857
2016-10-28,0.014333333,15.00666667,0,0.628233555,0.059139785,0.118394145,222.0371912,202
2016-10-29,0.014333333,14.92571429,0,0.617675008,0.057603687,0.115318972,221.2442013,199.0982143
2016-10-30,0.014333333,14.8447619,0,0.607116461,0.056067588,0.1122438,220.4512113,196.1964286
2016-10-31,0.014333333,14.76380952,0,0.596557914,0.05453149,0.109168627,219.6582213,193.2946429
2016-11-01,0.014333333,14.68285714,0,0.585999366,0.052995392,0.106093454,218.8652314,190.3928571
2016-11-02,0.014333333,14.60190476,0,0.575440819,0.051459293,0.103018282,218.0722414,187.4910714
2016-11-03,0.014333333,14.52095238,0,0.564882272,0.049923195,0.099943109,217.2792514,184.5892857
2016-11-04,0.014333333,14.44,0,0.554323725,0.048387097,0.096867937,216.4862614,181.6875
2016-11-05,0.014333333,14.15428571,0,0.540465632,0.048387097,0.096867937,215.891519,193.3526786
2016-11-06,0.014333333,13.86857143,0,0.526607539,0.048387097,0.096867937,215.2967765,205.0178571
2016-11-07,0.014333333,13.58285714,0,0.512749446,0.048387097,0.096867937,214.702034,216.6830357
2016-11-08,0.014333333,13.29714286,0,0.498891353,0.048387097,0.096867937,214.1072915,228.3482143
2016-11-09,0.014333333,13.01142857,0,0.485033259,0.048387097,0.096867937,213.5125491,240.0133929
2016-11-10,0.014333333,12.72571429,0,0.471175166,0.048387097,0.096867937,212.9178066,251.6785714
2016-11-11,0.014333333,12.44,0,0.457317073,0.048387097,0.096867937,212.3230641,263.34375
2016-11-12,0,12.22909524,0,0.44345898,0.048387097,0.096867937,211.7283216,265.0520833
2016-11-13,0,12.01819048,0,0.429600887,0.048387097,0.096867937,211.1335792,266.7604167
2016-11-14,0,11.80728571,0,0.415742794,0.048387097,0.096867937,210.5388367,268.46875
2016-11-15,0,11.59638095,0,0.401884701,0.048387097,0.096867937,209.9440942,270.1770833
2016-11-16,0,11.38547619,0,0.388026608,0.048387097,0.096867937,209.3493517,271.8854167
2016-11-17,0,11.17457143,0,0.374168514,0.048387097,0.096867937,208.7546093,273.59375
2016-11-18,0,10.96366667,0,0.360310421,0.048387097,0.096867937,208.1598668,275.3020833
2016-11-19,0,10.7527619,0,0.346452328,0.048387097,0.096867937,207.5651243,277.0104167
2016-11-20,0,10.54185714,0,0.332594235,0.048387097,0.096867937,206.9703818,278.71875
2016-11-21,0,10.33095238,0,0.318736142,0.048387097,0.096867937,206.3756393,280.4270833
2016-11-22,0,10.12004762,0,0.304878049,0.048387097,0.096867937,205.7808969,282.1354167
2016-11-23,0,9.909142857,0,0.291019956,0.048387097,0.096867937,205.1861544,283.84375
2016-11-24,0,9.698238095,0,0.277161863,0.048387097,0.096867937,204.5914119,285.5520833
2016-11-25,0,9.487333333,0,0.263303769,0.048387097,0.096867937,203.9966694,287.2604167
2016-11-26,0,9.276428571,0,0.249445676,0.048387097,0.096867937,203.401927,288.96875
2016-11-27,0,9.06552381,0,0.235587583,0.048387097,0.096867937,202.8071845,290.6770833
2016-11-28,0,8.854619048,0,0.22172949,0.048387097,0.096867937,202.212442,292.3854167
2016-11-29,0,8.643714286,0,0.207871397,0.048387097,0.096867937,201.6176995,294.09375
2016-11-30,0,8.432809524,0,0.194013304,0.048387097,0.096867937,201.0229571,295.8020833
2016-12-01,0,8.221904762,0,0.180155211,0.048387097,0.096867937,200.4282146,297.5104167
2016-12-02,0,8.011,0,0.166297118,0.048387097,0.096867937,199.8334721,299.21875
2016-12-03,0,8.01009,0,0.167137002,0.048142717,0.096378705,199.2026846,299.0784375
2016-12-04,0,8.00918,0,0.167976886,0.047898338,0.095889473,198.5718972,298.938125
2016-12-05,0,8.00827,0,0.168816771,0.047653959,0.095400241,197.9411097,298.7978125
2016-12-06,0,8.00736,0,0.169656655,0.04740958,0.094911009,197.3103222,298.6575
2016-12-07,0,8.00645,0,0.17049654,0.0471652,0.094421777,196.6795347,298.5171875
2016-12-08,0,8.00554,0,0.171336424,0.046920821,0.093932545,196.0487473,298.376875
2016-12-09,0,8.00463,0,0.172176309,0.046676442,0.093443313,195.4179598,298.2365625
2016-12-10,0,8.00372,0,0.173016193,0.046432063,0.092954081,194.7871723,298.09625
2016-12-11,0,8.00281,0,0.173856077,0.046187683,0.092464849,194.1563848,297.9559375
2016-12-12,0,8.0019,0,0.174695962,0.045943304,0.091975617,193.5255974,297.815625
2016-12-13,0,8.00099,0,0.175535846,0.045698925,0.091486385,192.8948099,297.6753125
2016-12-14,0,8.00008,0,0.176375731,0.045454545,0.090997153,192.2640224,297.535
2016-12-15,0,7.99917,0,0.177215615,0.045210166,0.090507921,191.6332349,297.3946875
2016-12-16,0,7.99826,0,0.1780555,0.044965787,0.090018689,191.0024475,297.254375
2016-12-17,0,7.99735,0,0.178895384,0.044721408,0.089529457,190.37166,297.1140625
2016-12-18,0,7.99644,0,0.179735268,0.044477028,0.089040225,189.7408725,296.97375
2016-12-19,0,7.99553,0,0.180575153,0.044232649,0.088550993,189.110085,296.8334375
2016-12-20,0,7.99462,0,0.181415037,0.04398827,0.088061761,188.4792976,296.693125
2016-12-21,0,7.99371,0,0.182254922,0.043743891,0.087572529,187.8485101,296.5528125
2016-12-22,0,7.9928,0,0.183094806,0.043499511,0.087083297,187.2177226,296.4125
2016-12-23,0,7.99189,0,0.183934691,0.043255132,0.086594065,186.5869351,296.2721875
2016-12-24,0,7.99098,0,0.184774575,0.043010753,0.086104833,185.9561477,296.131875
2016-12-25,0,7.99007,0,0.185614459,0.042766373,0.085615601,185.3253602,295.9915625
2016-12-26,0,7.98916,0,0.186454344,0.042521994,0.085126369,184.6945727,295.85125
2016-12-27,0,7.98825,0,0.187294228,0.042277615,0.084637137,184.0637852,295.7109375
2016-12-28,0,7.98734,0,0.188134113,0.042033236,0.084147905,183.4329978,295.570625
2016-12-29,0,7.98643,0,0.188973997,0.041788856,0.083658673,182.8022103,295.4303125
2016-12-30,0,7.98552,0,0.189813882,0.041544477,0.083169441,182.1714228,295.29
2016-12-31,0,7.98461,0,0.190653766,0.041300098,0.082680209,181.5406353,295.1496875
2017-01-01,0,7.9837,0,0.19149365,0.041055718,0.082190977,180.9098479,295.009375
2017-01-02,0,7.98279,0,0.192333535,0.040811339,0.081701745,180.2790604,294.8690625
2017-01-03,0,7.98188,0,0.193173419,0.04056696,0.081212513,179.6482729,294.72875
2017-01-04,0,7.98097,0,0.194013304,0.040322581,0.080723281,179.0174854,294.5884375
2017-01-05,0,7.98006,0,0.194853188,0.040078201,0.080234049,178.386698,294.448125
2017-01-06,0,7.97915,0,0.195693073,0.039833822,0.079744817,177.7559105,294.3078125
2017-01-07,0,7.97824,0,0.196532957,0.039589443,0.079255585,177.125123,294.1675
2017-01-08,0,7.97733,0,0.197372841,0.039345064,0.078766353,176.4943355,294.0271875
2017-01-09,0,7.97642,0,0.198212726,0.039100684,0.078277121,175.8635481,293.886875
2017-01-10,0,7.97551,0,0.19905261,0.038856305,0.077787889,175.2327606,293.7465625
2017-01-11,0,7.9746,0,0.199892495,0.038611926,0.077298657,174.6019731,293.60625
2017-01-12,0,7.97369,0,0.200732379,0.038367546,0.076809425,173.9711856,293.4659375
2017-01-13,0,7.97278,0,0.201572264,0.038123167,0.076320193,173.3403982,293.325625
2017-01-14,0,7.97187,0,0.202412148,0.037878788,0.075830961,172.7096107,293.1853125
2017-01-15,0,7.97096,0,0.203252033,0.037634409,0.075341729,172.0788232,293.045
2017-01-16,0,7.97005,0,0.204091917,0.037390029,0.074852497,171.4480357,292.9046875
2017-01-17,0,7.96914,0,0.204931801,0.03714565,0.074363265,170.8172483,292.764375
2017-01-18,0,7.96823,0,0.205771686,0.036901271,0.073874033,170.1864608,292.6240625
2017-01-19,0,7.96732,0,0.20661157,0.036656891,0.073384801,169.5556733,292.48375
2017-01-20,0,7.96641,0,0.207451455,0.036412512,0.072895569,168.9248858,292.3434375
2017-01-21,0,7.9655,0,0.208291339,0.036168133,0.072406337,168.2940984,292.203125
2017-01-22,0,7.96459,0,0.209131224,0.035923754,0.071917105,167.6633109,292.0628125
2017-01-23,0,7.96368,0,0.209971108,0.035679374,0.071427873,167.0325234,291.9225
2017-01-24,0,7.96277,0,0.210810992,0.035434995,0.070938641,166.4017359,291.7821875
2017-01-25,0,7.96186,0,0.211650877,0.035190616,0.070449409,165.7709485,291.641875
2017-01-26,0,7.96095,0,0.212490761,0.034946237,0.069960177,165.140161,291.5015625
2017-01-27,0,7.96004,0,0.213330646,0.034701857,0.069470945,164.5093735,291.36125
2017-01-28,0,7.95913,0,0.21417053,0.034457478,0.068981713,163.878586,291.2209375
2017-01-29,0,7.95822,0,0.215010415,0.034213099,0.068492481,163.2477986,291.080625
2017-01-30,0,7.95731,0,0.215850299,0.033968719,0.068003249,162.6170111,290.9403125
2017-01-31,0,7.9564,0,0.216690183,0.03372434,0.067514016,161.9862236,290.8
2017-02-01,0,7.95549,0,0.217530068,0.033479961,0.067024784,161.3554361,290.6596875
2017-02-02,0,7.95458,0,0.218369952,0.033235582,0.066535552,160.7246487,290.519375
2017-02-03,0,7.95367,0,0.219209837,0.032991202,0.06604632,160.0938612,290.3790625
2017-02-04,0,7.95276,0,0.220049721,0.032746823,0.065557088,159.4630737,290.23875
2017-02-05,0,7.95185,0,0.220889606,0.032502444,0.065067856,158.8322862,290.0984375
2017-02-06,0,7.95094,0,0.22172949,0.032258065,0.064578624,158.2014988,289.958125
2017-02-07,0,7.95003,0,0.219089853,0.033026114,0.066116211,157.8050038,289.8178125
2017-02-08,0,7.94912,0,0.216450216,0.033794163,0.067653797,157.4085088,289.6775
2017-02-09,0,7.94821,0,0.21381058,0.034562212,0.069191383,157.0120138,289.5371875
2017-02-10,0,7.9473,0,0.211170943,0.035330261,0.07072897,156.6155188,289.396875
2017-02-11,0,7.94639,0,0.208531306,0.03609831,0.072266556,156.2190238,289.2565625
2017-02-12,0,7.94548,0,0.205891669,0.036866359,0.073804142,155.8225288,289.11625
2017-02-13,0,7.94457,0,0.203252033,0.037634409,0.075341729,155.4260339,288.9759375
2017-02-14,0,7.94366,0,0.200612396,0.038402458,0.076879315,155.0295389,288.835625
2017-02-15,0,7.94275,0,0.197972759,0.039170507,0.078416901,154.6330439,288.6953125
2017-02-16,0,7.94184,0,0.195333122,0.039938556,0.079954487,154.2365489,288.555
2017-02-17,0,7.94093,0,0.192693485,0.040706605,0.081492074,153.8400539,288.4146875
2017-02-18,0,7.94002,0,0.190053849,0.041474654,0.08302966,153.4435589,288.274375
2017-02-19,0,7.93911,0,0.187414212,0.042242704,0.084567246,153.047064,288.1340625
2017-02-20,0,7.9382,0,0.184774575,0.043010753,0.086104833,152.650569,287.99375
2017-02-21,0,7.93729,0,0.182134938,0.043778802,0.087642419,152.254074,287.8534375
2017-02-22,0,7.93638,0,0.179495301,0.044546851,0.089180005,151.857579,287.713125
2017-02-23,0,7.93547,0,0.176855665,0.0453149,0.090717592,151.461084,287.5728125
2017-02-24,0,7.93456,0,0.174216028,0.046082949,0.092255178,151.064589,287.4325
2017-02-25,0,7.93365,0,0.171576391,0.046850998,0.093792764,150.668094,287.2921875
2017-02-26,0,7.93274,0,0.168936754,0.047619048,0.09533035,150.2715991,287.151875
2017-02-27,0,7.93183,0,0.166297118,0.048387097,0.096867937,149.8751041,287.0115625
2017-02-28,0,7.93092,0,0.182134938,0.047235023,0.094561557,152.254074,286.87125
2017-03-01,0,7.93001,0,0.197972759,0.046082949,0.092255178,154.6330439,286.7309375
2017-03-02,0,7.9291,0,0.21381058,0.044930876,0.089948798,157.0120138,286.590625
2017-03-03,0,7.92819,0,0.2296484,0.043778802,0.087642419,159.3909837,286.4503125
2017-03-04,0,7.92728,0,0.245486221,0.042626728,0.085336039,161.7699536,286.31
2017-03-05,0,7.92637,0,0.261324042,0.041474654,0.08302966,164.1489235,286.1696875
2017-03-06,0,7.92546,0,0.277161863,0.040322581,0.080723281,166.5278934,286.029375
2017-03-07,0,7.92455,0,0.292999683,0.039170507,0.078416901,168.9068633,285.8890625
2017-03-08,0,7.92364,0,0.308837504,0.038018433,0.076110522,171.2858332,285.74875
2017-03-09,0,7.92273,0,0.324675325,0.036866359,0.073804142,173.6648031,285.6084375
2017-03-10,0,7.92182,0,0.340513145,0.035714286,0.071497763,176.043773,285.468125
2017-03-11,0,7.92091,0,0.356350966,0.034562212,0.069191383,178.422743,285.3278125
2017-03-12,0,7.92,0,0.372188787,0.033410138,0.066885004,180.8017129,285.1875
2017-03-13,0,7.881285714,0,0.388026608,0.032258065,0.064578624,183.1806828,286.4776786
2017-03-14,0,7.842571429,0,0.407823883,0.033410138,0.066885004,183.7754252,287.7678571
2017-03-15,0,7.803857143,0,0.427621159,0.034562212,0.069191383,184.3701677,289.0580357
2017-03-16,0,7.765142857,0,0.447418435,0.035714286,0.071497763,184.9649102,290.3482143
2017-03-17,0,7.726428571,0,0.467215711,0.036866359,0.073804142,185.5596527,291.6383929
2017-03-18,0,7.687714286,0,0.487012987,0.038018433,0.076110522,186.1543951,292.9285714
2017-03-19,0,7.649,0,0.506810263,0.039170507,0.078416901,186.7491376,294.21875
2017-03-20,0,7.610285714,0,0.526607539,0.040322581,0.080723281,187.3438801,295.5089286
2017-03-21,0,7.571571429,0,0.546404815,0.041474654,0.08302966,187.9386226,296.7991071
2017-03-22,0,7.532857143,0,0.566202091,0.042626728,0.085336039,188.5333651,298.0892857
2017-03-23,0,7.494142857,0,0.585999366,0.043778802,0.087642419,189.1281075,299.3794643
2017-03-24,0,7.455428571,0,0.605796642,0.044930876,0.089948798,189.72285,300.6696429
2017-03-25,0,7.416714286,0,0.625593918,0.046082949,0.092255178,190.3175925,301.9598214
2017-03-26,0,7.378,0,0.645391194,0.047235023,0.094561557,190.912335,303.25
2017-03-27,0,7.4465,0,0.66518847,0.048387097,0.096867937,191.5070774,302.0647321
2017-03-28,0,7.515,0,0.65726956,0.050691244,0.101480696,192.1018199,300.8794643
2017-03-29,0,7.5835,0,0.649350649,0.052995392,0.106093454,192.6965624,299.6941964
2017-03-30,0,7.652,0,0.641431739,0.055299539,0.110706213,193.2913049,298.5089286
2017-03-31,0,7.7205,0,0.633512829,0.057603687,0.115318972,193.8860473,297.3236607
2017-04-01,0,7.789,0,0.625593918,0.059907834,0.119931731,194.4807898,296.1383929
2017-04-02,0,7.8575,0,0.617675008,0.062211982,0.12454449,195.0755323,294.953125
2017-04-03,0,7.926,0,0.609756098,0.064516129,0.129157249,195.6702748,293.7678571
2017-04-04,0,7.9945,0,0.601837187,0.066820276,0.133770008,196.2650172,292.5825893
2017-04-05,0,8.063,0,0.593918277,0.069124424,0.138382767,196.8597597,291.3973214
2017-04-06,0,8.1315,0,0.585999366,0.071428571,0.142995526,197.4545022,290.2120536
2017-04-07,0,8.2,0,0.578080456,0.073732719,0.147608285,198.0492447,289.0267857
2017-04-08,0,8.2685,0,0.570161546,0.076036866,0.152221043,198.6439872,287.8415179
2017-04-09,0,8.337,0,0.562242635,0.078341014,0.156833802,199.2387296,286.65625
2017-04-10,0,8.299571429,0,0.554323725,0.080645161,0.161446561,199.8334721,277.6339286
2017-04-11,0,8.262142857,0,0.530566994,0.078341014,0.156833802,198.6439872,268.6116071
2017-04-12,0,8.224714286,0,0.506810263,0.076036866,0.152221043,197.4545022,259.5892857
2017-04-13,0,8.187285714,0,0.483053532,0.073732719,0.147608285,196.2650172,250.5669643
2017-04-14,0,8.149857143,0,0.459296801,0.071428571,0.142995526,195.0755323,241.5446429
2017-04-15,0,8.112428571,0,0.43554007,0.069124424,0.138382767,193.8860473,232.5223214
2017-04-16,0,8.075,0,0.411783339,0.066820276,0.133770008,192.6965624,223.5
2017-04-17,0,8.202857143,0,0.388026608,0.064516129,0.129157249,191.5070774,232.8839286
2017-04-18,0.011866667,8.330714286,0,0.483053532,0.059907834,0.119931731,189.1281075,242.2678571
2017-04-19,0.011866667,8.458571429,0,0.578080456,0.055299539,0.110706213,186.7491376,251.6517857
2017-04-20,0.011866667,8.586428571,0,0.67310738,0.050691244,0.101480696,184.3701677,261.0357143
2017-04-21,0.011866667,8.714285714,0,0.768134305,0.046082949,0.092255178,181.9911978,270.4196429
2017-04-22,0.011866667,8.842142857,0,0.863161229,0.041474654,0.08302966,179.6122279,279.8035714
2017-04-23,0.011866667,8.97,0,0.958188153,0.036866359,0.073804142,177.233258,289.1875
2017-04-24,0.011866667,9.021714286,0,1.053215078,0.032258065,0.064578624,174.8542881,290.3660714
2017-04-25,0.011866667,9.073428571,0,1.073372304,0.041055718,0.082190977,175.6112331,291.5446429
2017-04-26,0.011866667,9.125142857,0,1.09352953,0.049853372,0.099803329,176.368178,292.7232143
2017-04-27,0.011866667,9.176857143,0,1.113686757,0.058651026,0.117415681,177.125123,293.9017857
2017-04-28,0.011866667,9.228571429,0,1.133843983,0.06744868,0.135028033,177.882068,295.0803571
2017-04-29,0.011866667,9.280285714,0,1.154001209,0.076246334,0.152640385,178.6390129,296.2589286
2017-04-30,0.011866667,9.332,0,1.174158436,0.085043988,0.170252737,179.3959579,297.4375
2017-05-01,0.011866667,9.38275,0,1.194315662,0.093841642,0.187865089,180.1529029,298.59375
2017-05-02,0.011866667,9.4335,0,1.214472889,0.102639296,0.205477442,180.9098479,299.75
2017-05-03,0.011866667,9.48425,0,1.234630115,0.11143695,0.223089794,181.6667928,300.90625
2017-05-04,0.011866667,9.535,0,1.254787341,0.120234604,0.240702146,182.4237378,302.0625
2017-05-05,0.011866667,9.578333333,0,1.274944568,0.129032258,0.258314498,183.1806828,300.7291667
2017-05-06,0.011866667,9.621666667,0,1.18255728,0.123655914,0.247551394,180.4052179,299.3958333
2017-05-07,0.011866667,9.665,0,1.090169993,0.11827957,0.23678829,177.629753,298.0625
2017-05-08,0.011866667,9.718,0,0.997782705,0.112903226,0.226025186,174.8542881,297.390625
2017-05-09,0.011866667,9.771,0,0.974025974,0.117511521,0.235250703,179.6122279,296.71875
2017-05-10,0.011866667,9.8078,0,0.950269243,0.122119816,0.244476221,184.3701677,295.93125
2017-05-11,0.011866667,9.8446,0,0.926512512,0.126728111,0.253701739,189.1281075,295.14375
2017-05-12,0.011866667,9.8814,0,0.902755781,0.131336406,0.262927257,193.8860473,294.35625
2017-05-13,0.011866667,9.9182,0,0.87899905,0.1359447,0.272152775,198.6439872,293.56875
2017-05-14,0.011866667,9.955,0,0.855242319,0.140552995,0.281378292,203.401927,292.78125
2017-05-15,0.011866667,10.01644444,0,0.831485588,0.14516129,0.29060381,208.1598668,292.6625
2017-05-16,0.011866667,10.07788889,0,0.783972125,0.131336406,0.262927257,205.7808969,292.54375
2017-05-17,0.011866667,10.13933333,0,0.736458663,0.117511521,0.235250703,203.401927,292.425
2017-05-18,0.011866667,10.20077778,0,0.688945201,0.103686636,0.20757415,201.0229571,292.30625
2017-05-19,0.011866667,10.26222222,0,0.641431739,0.089861751,0.179897597,198.6439872,292.1875
2017-05-20,0.011866667,10.32366667,0,0.593918277,0.076036866,0.152221043,196.2650172,292.06875
2017-05-21,0.011866667,10.38511111,0,0.546404815,0.062211982,0.12454449,193.8860473,291.95
2017-05-22,0.011866667,10.44655556,0,0.498891353,0.048387097,0.096867937,191.5070774,291.83125
2017-05-23,0.011866667,10.508,0,0.815647767,0.064516129,0.129157249,208.1598668,291.7125
2017-05-24,0.011866667,10.56944444,0,1.132404181,0.080645161,0.161446561,224.8126561,291.59375
2017-05-25,0.011866667,10.63088889,0,1.449160596,0.096774194,0.193735873,241.4654455,291.475
2017-05-26,0.011866667,10.69233333,0,1.76591701,0.112903226,0.226025186,258.1182348,291.35625
2017-05-27,0.011866667,10.75377778,0,2.082673424,0.129032258,0.258314498,274.7710241,291.2375
2017-05-28,0.011866667,10.81522222,0,2.399429838,0.14516129,0.29060381,291.4238135,291.11875
2017-05-29,0.011866667,10.87666667,0,2.716186253,0.161290323,0.322893122,308.0766028,291
2017-05-30,0.011866667,10.93811111,0,2.549889135,0.161290323,0.322893122,191.5070774,290.88125
2017-05-31,0.011866667,10.99955556,0,2.66075388,0.177419355,0.355182435,183.1806828,290.7625
2017-06-01,0.011866667,11.061,0,2.771618625,0.193548387,0.387471747,174.8542881,290.64375
2017-06-02,0.011866667,11.12244444,0,2.799334812,0.205645161,0.411688731,179.0174854,290.525
2017-06-03,0.011866667,11.18388889,0,2.827050998,0.217741935,0.435905715,183.1806828,290.40625
2017-06-04,0.011866667,11.24533333,0,2.854767184,0.22983871,0.460122699,187.3438801,290.2875
2017-06-05,0.011866667,11.30677778,0,2.88248337,0.241935484,0.484339684,191.5070774,290.16875
2017-06-06,0.011866667,11.36822222,0,2.787456446,0.246543779,0.493565201,192.6965624,290.05
2017-06-07,0.011866667,11.42966667,0,2.692429522,0.251152074,0.502790719,193.8860473,289.93125
2017-06-08,0.011866667,11.49111111,0,2.597402597,0.255760369,0.512016237,195.0755323,289.8125
2017-06-09,0.011866667,11.55255556,0,2.502375673,0.260368664,0.521241755,196.2650172,289.69375
2017-06-10,0.011866667,11.614,0,2.407348749,0.264976959,0.530467272,197.4545022,289.575
2017-06-11,0.011866667,11.67544444,0,2.312321825,0.269585253,0.53969279,198.6439872,289.45625
2017-06-12,0.011866667,11.73688889,0,2.2172949,0.274193548,0.548918308,199.8334721,289.3375
2017-06-13,0.011866667,11.79833333,0,1.979727589,0.244239631,0.488952442,201.0229571,289.21875
2017-06-14,0.011866667,11.85977778,0,1.742160279,0.214285714,0.428986577,202.212442,289.1
2017-06-15,0.011866667,11.92122222,0,1.504592968,0.184331797,0.369020711,203.401927,288.98125
2017-06-16,0.011866667,11.98266667,0,1.267025657,0.15437788,0.309054846,204.5914119,288.8625
2017-06-17,0.011866667,12.04411111,0,1.029458347,0.124423963,0.24908898,205.7808969,288.74375
2017-06-18,0.011866667,12.10555556,0,0.791891036,0.094470046,0.189123115,206.9703818,288.625
2017-06-19,0.011866667,12.167,0,0.554323725,0.064516129,0.129157249,208.1598668,288.50625
2017-06-20,0.011866667,12.22844444,0,0.807728857,0.094470046,0.189123115,208.1598668,288.3875
2017-06-21,0.011866667,12.28988889,0,1.061133988,0.124423963,0.24908898,208.1598668,288.26875
2017-06-22,0.011866667,12.35133333,0,1.314539119,0.15437788,0.309054846,208.1598668,288.15
2017-06-23,0.011866667,12.41277778,0,1.567944251,0.184331797,0.369020711,208.1598668,288.03125
2017-06-24,0.011866667,12.47422222,0,1.821349382,0.214285714,0.428986577,208.1598668,287.9125
2017-06-25,0.011866667,12.53566667,0,2.074754514,0.244239631,0.488952442,208.1598668,287.79375
2017-06-26,0.011866667,12.59711111,0,2.328159645,0.274193548,0.548918308,208.1598668,287.675
2017-06-27,0.011866667,12.65855556,0,2.254249815,0.259856631,0.520216697,211.8604866,287.55625
2017-06-28,0.011866667,12.72,0,2.180339985,0.245519713,0.491515086,215.5611065,287.4375
2017-06-29,0.011866667,12.75,0,2.106430155,0.231182796,0.462813475,219.2617263,287.1875
2017-06-30,0.011866667,12.78,0,2.032520325,0.216845878,0.434111865,222.9623462,286.9375
2017-07-01,0.011866667,12.81,0,1.958610495,0.202508961,0.405410254,226.662966,286.6875
2017-07-02,0.011866667,12.84,0,1.884700665,0.188172043,0.376708643,230.3635859,286.4375
2017-07-03,0.011866667,12.87,0,1.810790835,0.173835125,0.348007032,234.0642058,286.1875
2017-07-04,0.011866667,12.9,0,1.736881005,0.159498208,0.319305421,237.7648256,285.9375
2017-07-05,0.011866667,11.203,0,1.662971175,0.14516129,0.29060381,241.4654455,143.4875
2017-07-06,0.011866667,9.506,0,2.416851441,0.190322581,0.381013884,241.4654455,1.0375
2017-07-07,0.011866667,10.654,0,3.170731707,0.235483871,0.471423959,241.4654455,91.9
2017-07-08,0.011866667,11.802,0,3.924611973,0.280645161,0.561834033,241.4654455,182.7625
2017-07-09,0.011866667,12.95,0,4.678492239,0.325806452,0.652244107,241.4654455,273.625
2017-07-10,0.011866667,13.03,0,5.432372506,0.370967742,0.742654181,241.4654455,266.3125
2017-07-11,0.011866667,13.12,0,5.894308943,0.376344086,0.753417286,227.588121,250.53125
2017-07-12,0.011866667,13.19,0,6.356245381,0.38172043,0.76418039,213.7107966,239.0625
2017-07-13,0.011866667,13.25,0,6.818181818,0.387096774,0.774943494,199.8334721,239.5923013
2017-07-14,0.011866667,13.31,0,7.164634146,0.383064516,0.766871166,201.9150708,240.1221026
2017-07-15,0.011866667,13.37,0,7.511086475,0.379032258,0.758798838,203.9966694,240.651904
2017-07-16,0.011866667,13.43,0,7.857538803,0.375,0.75072651,206.0782681,241.1817053
2017-07-17,0.011866667,13.49,0,8.203991131,0.370967742,0.742654181,208.1598668,241.7115066
2017-07-18,0.011866667,13.55,0,8.156477669,0.3640553,0.728815905,210.5388367,242.2413079
2017-07-19,0.011866667,13.61,0,8.108964207,0.357142857,0.714977628,212.9178066,242.7711093
2017-07-20,0.011866667,13.67,0,8.061450744,0.350230415,0.701139351,215.2967765,243.3009106
2017-07-21,0.011866667,13.73,0,8.013937282,0.343317972,0.687301075,217.6757464,243.8307119
2017-07-22,0.011866667,13.79,0,7.96642382,0.33640553,0.673462798,220.0547163,244.3605132
2017-07-23,0.011866667,13.85,0,7.918910358,0.329493088,0.659624521,222.4336862,244.8903146
2017-07-24,0.011866667,13.91,0,7.871396896,0.322580645,0.645786245,224.8126561,245.4201159
2017-07-25,0.011866667,13.97,0,8.386126069,0.323732719,0.648092624,224.8126561,245.9499172
2017-07-26,0.011866667,14.03,0,8.900855242,0.324884793,0.650399004,224.8126561,246.4797185
2017-07-27,0.011866667,14.09,0,9.415584416,0.326036866,0.652705383,224.8126561,247.0095199
2017-07-28,0.011866667,14.15,0,9.930313589,0.32718894,0.655011763,224.8126561,247.5393212
2017-07-29,0.011866667,14.21,0,10.44504276,0.328341014,0.657318142,224.8126561,248.0691225
2017-07-30,0.011866667,14.27,0,10.95977194,0.329493088,0.659624521,224.8126561,248.5989238
2017-07-31,0.011866667,14.33,0,11.47450111,0.330645161,0.661930901,224.8126561,249.1287252
2017-08-01,0.011866667,14.39,0,12.50395946,0.331797235,0.66423728,216.4862614,249.6585265
2017-08-02,0.011866667,14.45,0,13.5334178,0.332949309,0.66654366,208.1598668,250.1883278
2017-08-03,0.011866667,14.51,0,14.56287615,0.334101382,0.668850039,199.8334721,250.7181291
2017-08-04,0.011866667,14.57,0,15.59233449,0.335253456,0.671156419,191.5070774,251.2479305
2017-08-05,0.011866667,14.63,0,16.62179284,0.33640553,0.673462798,183.1806828,251.7777318
2017-08-06,0.011866667,14.69,0,17.65125119,0.337557604,0.675769178,174.8542881,252.3075331
2017-08-07,0.011866667,14.73,0,18.68070953,0.338709677,0.678075557,166.5278934,252.8373344
2017-08-08,0.011866667,14.77,0,18.74406082,0.338709677,0.678075557,170.0963483,253.3671358
2017-08-09,0.011866667,14.81,0,18.8074121,0.338709677,0.678075557,173.6648031,253.8969371
2017-08-10,0.011866667,14.8275,0,18.87076338,0.338709677,0.678075557,177.233258,254.4267384
2017-08-11,0.011866667,14.845,0,18.93411467,0.338709677,0.678075557,180.8017129,254.9565397
2017-08-12,0.011866667,14.8625,0,18.99746595,0.338709677,0.678075557,184.3701677,255.4863411
2017-08-13,0.011866667,14.88,0,19.06081723,0.338709677,0.678075557,187.9386226,256.0161424
2017-08-14,0.011866667,14.90666667,0,19.12416851,0.338709677,0.678075557,191.5070774,256.5459437
2017-08-15,0.011866667,14.93333333,0,19.07665505,0.33640553,0.673462798,192.6965624,257.075745
2017-08-16,0.011866667,14.96,0,19.02914159,0.334101382,0.668850039,193.8860473,257.6055464
2017-08-17,0.011866667,14.98,0,18.98162813,0.331797235,0.66423728,195.0755323,258.1353477
2017-08-18,0.011866667,15,0,18.93411467,0.329493088,0.659624521,196.2650172,258.665149
2017-08-19,0.011866667,15.02,0,18.8866012,0.32718894,0.655011763,197.4545022,259.1949503
2017-08-20,0.011866667,15.04,0,18.83908774,0.324884793,0.650399004,198.6439872,259.7247517
2017-08-21,0.011866667,15.05571429,0,18.79157428,0.322580645,0.645786245,199.8334721,260.254553
2017-08-22,0.011866667,15.07142857,0,19.12416851,0.322580645,0.645786245,187.9386226,260.7843543
2017-08-23,0.011866667,15.08714286,0,19.45676275,0.322580645,0.645786245,176.043773,261.3141556
2017-08-24,0.011866667,15.10285714,0,19.78935698,0.322580645,0.645786245,164.1489235,261.843957
2017-08-25,0.011866667,15.11857143,0,20.12195122,0.322580645,0.645786245,152.254074,262.3737583
2017-08-26,0.011866667,15.13428571,0,20.45454545,0.322580645,0.645786245,140.3592245,262.9035596
2017-08-27,0.011866667,15.15,0,20.78713969,0.322580645,0.645786245,128.4643749,263.4333609
2017-08-28,0.011866667,15.16,0,21.11973392,0.322580645,0.645786245,116.5695254,263.9631623
2017-08-29,0.011866667,15.17,0,21.26227431,0.322580645,0.645786245,124.8959201,264.4929636
2017-08-30,0.011866667,15.18,0,21.4048147,0.322580645,0.645786245,133.2223147,265.0227649
2017-08-31,0.011866667,15.19,0,21.54735508,0.322580645,0.645786245,141.5487094,265.5525662
2017-09-01,0.011866667,15.2,0,21.68989547,0.322580645,0.645786245,149.8751041,266.0823675
2017-09-02,0.011866667,15.21,0,21.83243586,0.322580645,0.645786245,158.2014988,266.6121689
2017-09-03,0.011866667,15.22,0,21.97497624,0.322580645,0.645786245,166.5278934,267.1419702
2017-09-04,0.011866667,15.23285714,0,22.11751663,0.322580645,0.645786245,174.8542881,267.6717715
2017-09-05,0.011866667,15.24571429,0,19.75768134,0.288018433,0.576594861,173.6648031,268.2015728
2017-09-06,0.011866667,15.25857143,0,17.39784606,0.253456221,0.507403478,172.4753182,268.7313742
2017-09-07,0.011866667,15.27142857,0,15.03801077,0.218894009,0.438212095,171.2858332,269.2611755
2017-09-08,0.011866667,15.28428571,0,12.67817548,0.184331797,0.369020711,170.0963483,269.7909768
2017-09-09,0.011866667,15.29714286,0,10.3183402,0.149769585,0.299829328,168.9068633,270.3207781
2017-09-10,0.011866667,15.31,0,7.95850491,0.115207373,0.230637945,167.7173784,270.8505795
2017-09-11,0.011866667,15.85714286,0,5.598669623,0.080645161,0.161446561,166.5278934,271.3803808
2017-09-12,0.011866667,16.40428571,0,8.607855559,0.133640553,0.267540016,162.9594386,271.9101821
2017-09-13,0.011866667,16.95142857,0,11.6170415,0.186635945,0.37363347,159.3909837,272.4399834
2017-09-14,0.011866667,17.49857143,0,14.62622743,0.239631336,0.479726925,155.8225288,272.9697848
2017-09-15,0.011866667,18.04571429,0,17.63541337,0.292626728,0.585820379,152.254074,273.4995861
2017-09-16,0.011866667,18.59285714,0,20.6445993,0.34562212,0.691913834,148.6856191,274.0293874
2017-09-17,0.011866667,19.14,0,23.65378524,0.398617512,0.798007288,145.1171643,274.5591887
2017-09-18,0.011866667,15.47,0,26.66297118,0.451612903,0.904100743,141.5487094,275.0889901
2017-09-19,0.011866667,15.48666667,0,25.49097244,0.458525346,0.917939019,142.7381944,275.6187914
2017-09-20,0.011866667,15.50333333,0,24.31897371,0.465437788,0.931777296,143.9276793,276.1485927
2017-09-21,0.011866667,15.52,0,23.14697498,0.47235023,0.945615573,145.1171643,276.678394
2017-09-22,0.011866667,15.53666667,0,21.97497624,0.479262673,0.959453849,146.3066492,277.2081954
2017-09-23,0.011866667,15.55333333,0,20.80297751,0.486175115,0.973292126,147.4961342,277.7379967
2017-09-24,0.011866667,15.57,0,19.63097878,0.493087558,0.987130403,148.6856191,278.267798
2017-09-25,0.011866667,15.92571429,0,18.45898004,0.5,1.000968679,149.8751041,278.7975993
2017-09-26,0.011866667,16.28142857,0,17.66708901,0.488479263,0.977904885,154.6330439,279.3274007
2017-09-27,0.011866667,16.63714286,0,16.87519797,0.476958525,0.95484109,159.3909837,279.857202
2017-09-28,0.011866667,16.99285714,0,16.08330694,0.465437788,0.931777296,164.1489235,280.3870033
2017-09-29,0.011866667,17.34857143,0,15.2914159,0.453917051,0.908713502,168.9068633,280.9168046
2017-09-30,0.011866667,17.70428571,0,14.49952487,0.442396313,0.885649707,173.6648031,281.446606
2017-10-01,0.011866667,18.06,0,13.70763383,0.430875576,0.862585913,178.422743,281.9764073
2017-10-02,0.011866667,18.41571429,0,12.91574279,0.419354839,0.839522118,183.1806828,282.5062086
2017-10-03,0.011866667,18.77142857,0,12.26639214,0.403225806,0.807232806,168.9068633,283.0360099
2017-10-04,0.011866667,19.12714286,0,11.6170415,0.387096774,0.774943494,154.6330439,283.5658113
2017-10-05,0.011866667,19.48285714,0,10.96769085,0.370967742,0.742654181,140.3592245,284.0956126
2017-10-06,0.011866667,19.83857143,0,10.3183402,0.35483871,0.710364869,126.085405,284.6254139
2017-10-07,0.011866667,20.19428571,0,9.668989547,0.338709677,0.678075557,111.8115856,285.1552152
2017-10-08,0.011866667,20.55,0,9.019638898,0.322580645,0.645786245,97.53776615,285.6850166
2017-10-09,0.011866667,19.88857143,0,8.370288248,0.306451613,0.613496933,83.26394671,286.2148179
2017-10-10,0.011866667,19.22714286,0,8.789990497,0.322580645,0.645786245,105.8641608,286.7446192
2017-10-11,0.011866667,18.56571429,0,9.209692746,0.338709677,0.678075557,128.4643749,287.2744205
2017-10-12,0.011866667,17.90428571,0,9.629394995,0.35483871,0.710364869,151.064589,287.8042219
2017-10-13,0.011866667,17.24285714,0,10.04909724,0.370967742,0.742654181,173.6648031,288.3340232
2017-10-14,0.011866667,16.58142857,0,10.46879949,0.387096774,0.774943494,196.2650172,288.8638245
2017-10-15,0.011866667,15.92,0,10.88850174,0.403225806,0.807232806,218.8652314,289.3936258
2017-10-16,0.011866667,15.93,0,11.30820399,0.419354839,0.839522118,241.4654455,289.9234272
2017-10-17,0.011866667,15.74716364,0,11.39531201,0.423963134,0.848747636,237.8969906,290.4532285
2017-10-18,0.011866667,15.56432727,0,11.48242002,0.428571429,0.857973154,234.3285357,290.9830298
2017-10-19,0.011866667,15.38149091,0,11.56952803,0.433179724,0.867198672,230.7600809,291.5128311
2017-10-20,0.011866667,15.19865455,0,11.65663605,0.437788018,0.876424189,227.191626,292.0426325
2017-10-21,0.011866667,15.01581818,0,11.74374406,0.442396313,0.885649707,223.6231712,292.5724338
2017-10-22,0.011866667,14.83298182,0,11.83085207,0.447004608,0.894875225,220.0547163,293.1022351
2017-10-23,0.011866667,14.65014545,0,11.91796009,0.451612903,0.904100743,216.4862614,293.6320364
2017-10-24,0.011866667,14.46730909,0,10.30250238,0.391705069,0.784169011,233.1390508,294.1618377
2017-10-25,0.011866667,14.28447273,0,8.687044663,0.331797235,0.66423728,249.7918401,294.6916391
2017-10-26,0.011866667,14.10163636,0,7.07158695,0.271889401,0.544305549,266.4446295,295.2214404
2017-10-27,0.011866667,13.9188,0,5.456129237,0.211981567,0.424373818,283.0974188,295.7512417
2017-10-28,0.011866667,13.73596364,0,3.840671524,0.152073733,0.304442087,299.7502082,296.281043
2017-10-29,0.011866667,13.55312727,0,2.225213811,0.092165899,0.184510356,316.4029975,296.8108444
2017-10-30,0.011866667,13.37029091,0,0.609756098,0.032258065,0.064578624,333.0557868,297.3406457
2017-10-31,0.011866667,13.18745455,0,0.67310738,0.036866359,0.073804142,336.6242417,297.870447
2017-11-01,0.011866667,13.00461818,0,0.736458663,0.041474654,0.08302966,340.1926966,298.4002483
2017-11-02,0.011866667,12.82178182,0,0.799809946,0.046082949,0.092255178,343.7611514,298.9300497
2017-11-03,0.011866667,12.63894545,0,0.863161229,0.050691244,0.101480696,347.3296063,299.459851
2017-11-04,0.011866667,12.45610909,0,0.926512512,0.055299539,0.110706213,350.8980611,299.9896523
2017-11-05,0.011866667,12.27327273,0,0.989863795,0.059907834,0.119931731,354.466516,300.5194536
2017-11-06,0.011866667,12.09043636,0,1.053215078,0.064516129,0.129157249,358.0349709,301.049255
2017-11-07,0.011866667,11.9076,0,1.064301552,0.0640553,0.128234697,357.7970739,301.5790563
2017-11-08,0.011866667,11.72476364,0,1.075388027,0.06359447,0.127312145,357.5591769,302.1088576
2017-11-09,0.011866667,11.54192727,0,1.086474501,0.063133641,0.126389594,357.3212799,302.6386589
2017-11-10,0.011866667,11.35909091,0,1.097560976,0.062672811,0.125467042,357.0833829,303.1684603
2017-11-11,0.011866667,11.17625455,0,1.10864745,0.062211982,0.12454449,356.8454859,303.6982616
2017-11-12,0.011866667,10.99341818,0,1.119733925,0.061751152,0.123621938,356.6075889,304.2280629
2017-11-13,0.011866667,10.81058182,0,1.130820399,0.061290323,0.122699387,356.3696919,304.7578642
2017-11-14,0.011866667,10.62774545,0,1.141906874,0.060829493,0.121776835,356.1317949,305.2876656
2017-11-15,0.011866667,10.44490909,0,1.152993348,0.060368664,0.120854283,355.8938979,305.8174669
2017-11-16,0.011866667,10.26207273,0,1.164079823,0.059907834,0.119931731,355.656001,306.3472682
2017-11-17,0.011866667,10.07923636,0,1.175166297,0.059447005,0.119009179,355.418104,306.8770695
2017-11-18,0.011866667,9.8964,0,1.186252772,0.058986175,0.118086628,355.180207,307.4068709
2017-11-19,0.011866667,9.713563636,0,1.197339246,0.058525346,0.117164076,354.94231,307.9366722
2017-11-20,0.011866667,9.530727273,0,1.208425721,0.058064516,0.116241524,354.704413,308.4664735
2017-11-21,0.011866667,9.347890909,0,1.219512195,0.057603687,0.115318972,354.466516,308.9962748
2017-11-22,0.011866667,9.165054545,0,1.23059867,0.057142857,0.11439642,354.228619,309.5260762
2017-11-23,0.011866667,8.982218182,0,1.241685144,0.056682028,0.113473869,353.990722,310.0558775
2017-11-24,0.011866667,8.799381818,0,1.252771619,0.056221198,0.112551317,353.752825,310.5856788
2017-11-25,0.011866667,8.616545455,0,1.263858093,0.055760369,0.111628765,353.514928,311.1154801
2017-11-26,0.011866667,8.433709091,0,1.274944568,0.055299539,0.110706213,353.277031,311.6452815
2017-11-27,0.011866667,8.250872727,0,1.286031042,0.05483871,0.109783662,353.0391341,312.1750828
2017-11-28,0.011866667,8.068036364,0,1.297117517,0.05437788,0.10886111,352.8012371,312.7048841
2017-11-29,0.011866667,7.8852,0,1.308203991,0.053917051,0.107938558,352.5633401,313.2346854
2017-11-30,0.011866667,7.702363636,0,1.319290466,0.053456221,0.107016006,352.3254431,313.7644868
2017-12-01,0.011866667,7.519527273,0,1.33037694,0.052995392,0.106093454,352.0875461,314.2942881
2017-12-02,0.011866667,7.336690909,0,1.341463415,0.052534562,0.105170903,351.8496491,314.8240894
2017-12-03,0.011866667,7.153854545,0,1.352549889,0.052073733,0.104248351,351.6117521,315.3538907
2017-12-04,0.011866667,6.971018182,0,1.363636364,0.051612903,0.103325799,351.3738551,315.8836921
2017-12-05,0.011866667,6.788181818,0,1.374722838,0.051152074,0.102403247,351.1359581,316.4134934
2017-12-06,0.011866667,6.605345455,0,1.385809313,0.050691244,0.101480696,350.8980611,316.9432947
2017-12-07,0.011866667,6.422509091,0,1.396895787,0.050230415,0.100558144,350.6601641,317.473096
2017-12-08,0.011866667,6.239672727,0,1.407982262,0.049769585,0.099635592,350.4222672,318.0028974
2017-12-09,0.011866667,6.056836364,0,1.419068736,0.049308756,0.09871304,350.1843702,318.5326987
2017-12-10,0.011866667,5.874,0,1.430155211,0.048847926,0.097790488,349.9464732,319.0625
2017-12-11,0.011866667,5.784761905,0,1.441241685,0.048387097,0.096867937,349.7085762,319.0625
2017-12-12,0.011866667,5.69552381,0,1.460643016,0.051612903,0.103325799,340.9658618,319.0625
2017-12-13,0.011866667,5.606285714,0,1.480044346,0.05483871,0.109783662,332.2231474,319.0625
2017-12-14,0.011866667,5.517047619,0,1.499445676,0.058064516,0.116241524,323.480433,319.0625
2017-12-15,0.011866667,5.427809524,0,1.518847007,0.061290323,0.122699387,314.7377186,319.0625
2017-12-16,0.011866667,5.338571429,0,1.538248337,0.064516129,0.129157249,305.9950042,319.0625
2017-12-17,0.011866667,5.249333333,0,1.557649667,0.067741935,0.135615111,297.2522898,319.0625
2017-12-18,0.011866667,5.160095238,0,1.577050998,0.070967742,0.142072974,288.5095754,319.0625
2017-12-19,0,5.070857143,0,1.596452328,0.074193548,0.148530836,279.7668609,319.0625
2017-12-20,0,4.981619048,0,1.615853659,0.077419355,0.154988699,271.0241465,319.0625
2017-12-21,0,4.892380952,0,1.635254989,0.080645161,0.161446561,262.2814321,319.0625
2017-12-22,0,4.803142857,0,1.654656319,0.083870968,0.167904424,253.5387177,319.0625
2017-12-23,0,4.713904762,0,1.67405765,0.087096774,0.174362286,244.7960033,319.0625
2017-12-24,0,4.624666667,0,1.69345898,0.090322581,0.180820149,236.0532889,319.0625
2017-12-25,0,4.535428571,0,1.71286031,0.093548387,0.187278011,227.3105745,319.0625
2017-12-26,0,4.446190476,0,1.732261641,0.096774194,0.193735873,218.5678601,319.0625
2017-12-27,0,4.356952381,0,1.751662971,0.1,0.200193736,209.8251457,319.0625
2017-12-28,0,4.267714286,0,1.771064302,0.103225806,0.206651598,201.0824313,319.0625
2017-12-29,0,4.17847619,0,1.790465632,0.106451613,0.213109461,192.3397169,319.0625
2017-12-30,0,4.089238095,0,1.809866962,0.109677419,0.219567323,183.5970025,319.0625
2017-12-31,0,4,0,1.829268293,0.112903226,0.226025186,174.8542881,319.0625
